2024-12-09 22:05:15 - [main] INFO  com.example.demo.DemoApplication - Starting DemoApplication using Java 21.0.4 with PID 10756 (C:\Users\akboi\OneDrive\Documents\GitHub\spring-boot-practice\target\classes started by akboi in C:\Users\akboi\OneDrive\Documents\GitHub\spring-boot-practice)
2024-12-09 22:05:15 - [main] INFO  com.example.demo.DemoApplication - The following 2 profiles are active: "dev", "test"
2024-12-09 22:05:16 - [main] INFO  o.s.d.r.c.RepositoryConfigurationDelegate - Bootstrapping Spring Data JPA repositories in DEFAULT mode.
2024-12-09 22:05:17 - [main] INFO  o.s.d.r.c.RepositoryConfigurationDelegate - Finished Spring Data repository scanning in 74 ms. Found 2 JPA repository interfaces.
2024-12-09 22:05:18 - [main] INFO  o.s.b.w.e.tomcat.TomcatWebServer - Tomcat initialized with port 8080 (http)
2024-12-09 22:05:18 - [main] INFO  o.a.catalina.core.StandardService - Starting service [Tomcat]
2024-12-09 22:05:18 - [main] INFO  o.a.catalina.core.StandardEngine - Starting Servlet engine: [Apache Tomcat/10.1.31]
2024-12-09 22:05:18 - [main] INFO  o.a.c.c.C.[Tomcat].[localhost].[/] - Initializing Spring embedded WebApplicationContext
2024-12-09 22:05:18 - [main] INFO  o.s.b.w.s.c.ServletWebServerApplicationContext - Root WebApplicationContext: initialization completed in 2630 ms
2024-12-09 22:05:19 - [main] INFO  o.e.s.o.t.o.p.UpfrontAllocatingPageSource - Allocating 100.0MB in chunks
2024-12-09 22:05:19 - [main] INFO  org.ehcache.core.EhcacheManager - Cache 'itemCache' created in EhcacheManager.
2024-12-09 22:05:19 - [main] INFO  o.ehcache.jsr107.Eh107CacheManager - Registering Ehcache MBean javax.cache:type=CacheStatistics,CacheManager=file./C./Users/akboi/OneDrive/Documents/GitHub/spring-boot-practice/target/classes/ehcache.xml,Cache=itemCache
2024-12-09 22:05:19 - [main] DEBUG com.zaxxer.hikari.HikariConfig - Driver class com.mysql.cj.jdbc.Driver found in Thread context class loader jdk.internal.loader.ClassLoaders$AppClassLoader@5cbc508c
2024-12-09 22:05:19 - [main] WARN  com.zaxxer.hikari.HikariConfig - HikariPoolName - idleTimeout has been set but has no effect because the pool is operating as a fixed size pool.
2024-12-09 22:05:19 - [main] DEBUG com.zaxxer.hikari.HikariConfig - HikariPoolName - configuration:
2024-12-09 22:05:19 - [main] DEBUG com.zaxxer.hikari.HikariConfig - allowPoolSuspension.............false
2024-12-09 22:05:19 - [main] DEBUG com.zaxxer.hikari.HikariConfig - autoCommit......................true
2024-12-09 22:05:19 - [main] DEBUG com.zaxxer.hikari.HikariConfig - catalog.........................none
2024-12-09 22:05:19 - [main] DEBUG com.zaxxer.hikari.HikariConfig - connectionInitSql...............none
2024-12-09 22:05:19 - [main] DEBUG com.zaxxer.hikari.HikariConfig - connectionTestQuery............."SELECT 1"
2024-12-09 22:05:19 - [main] DEBUG com.zaxxer.hikari.HikariConfig - connectionTimeout...............50000
2024-12-09 22:05:19 - [main] DEBUG com.zaxxer.hikari.HikariConfig - dataSource......................none
2024-12-09 22:05:19 - [main] DEBUG com.zaxxer.hikari.HikariConfig - dataSourceClassName.............none
2024-12-09 22:05:19 - [main] DEBUG com.zaxxer.hikari.HikariConfig - dataSourceJNDI..................none
2024-12-09 22:05:19 - [main] DEBUG com.zaxxer.hikari.HikariConfig - dataSourceProperties............{password=<masked>}
2024-12-09 22:05:19 - [main] DEBUG com.zaxxer.hikari.HikariConfig - driverClassName................."com.mysql.cj.jdbc.Driver"
2024-12-09 22:05:19 - [main] DEBUG com.zaxxer.hikari.HikariConfig - exceptionOverrideClassName......none
2024-12-09 22:05:19 - [main] DEBUG com.zaxxer.hikari.HikariConfig - healthCheckProperties...........{}
2024-12-09 22:05:19 - [main] DEBUG com.zaxxer.hikari.HikariConfig - healthCheckRegistry.............none
2024-12-09 22:05:19 - [main] DEBUG com.zaxxer.hikari.HikariConfig - idleTimeout.....................300000
2024-12-09 22:05:19 - [main] DEBUG com.zaxxer.hikari.HikariConfig - initializationFailTimeout.......1
2024-12-09 22:05:19 - [main] DEBUG com.zaxxer.hikari.HikariConfig - isolateInternalQueries..........false
2024-12-09 22:05:19 - [main] DEBUG com.zaxxer.hikari.HikariConfig - jdbcUrl.........................jdbc:mysql://localhost:3306/practice_db
2024-12-09 22:05:19 - [main] DEBUG com.zaxxer.hikari.HikariConfig - keepaliveTime...................0
2024-12-09 22:05:19 - [main] DEBUG com.zaxxer.hikari.HikariConfig - leakDetectionThreshold..........0
2024-12-09 22:05:19 - [main] DEBUG com.zaxxer.hikari.HikariConfig - maxLifetime.....................900000
2024-12-09 22:05:19 - [main] DEBUG com.zaxxer.hikari.HikariConfig - maximumPoolSize.................3
2024-12-09 22:05:19 - [main] DEBUG com.zaxxer.hikari.HikariConfig - metricRegistry..................none
2024-12-09 22:05:19 - [main] DEBUG com.zaxxer.hikari.HikariConfig - metricsTrackerFactory...........none
2024-12-09 22:05:19 - [main] DEBUG com.zaxxer.hikari.HikariConfig - minimumIdle.....................3
2024-12-09 22:05:19 - [main] DEBUG com.zaxxer.hikari.HikariConfig - password........................<masked>
2024-12-09 22:05:19 - [main] DEBUG com.zaxxer.hikari.HikariConfig - poolName........................"HikariPoolName"
2024-12-09 22:05:19 - [main] DEBUG com.zaxxer.hikari.HikariConfig - readOnly........................false
2024-12-09 22:05:19 - [main] DEBUG com.zaxxer.hikari.HikariConfig - registerMbeans..................false
2024-12-09 22:05:19 - [main] DEBUG com.zaxxer.hikari.HikariConfig - scheduledExecutor...............none
2024-12-09 22:05:19 - [main] DEBUG com.zaxxer.hikari.HikariConfig - schema..........................none
2024-12-09 22:05:19 - [main] DEBUG com.zaxxer.hikari.HikariConfig - threadFactory...................internal
2024-12-09 22:05:19 - [main] DEBUG com.zaxxer.hikari.HikariConfig - transactionIsolation............default
2024-12-09 22:05:19 - [main] DEBUG com.zaxxer.hikari.HikariConfig - username........................"root"
2024-12-09 22:05:19 - [main] DEBUG com.zaxxer.hikari.HikariConfig - validationTimeout...............5000
2024-12-09 22:05:19 - [main] INFO  com.zaxxer.hikari.HikariDataSource - HikariPoolName - Starting...
2024-12-09 22:05:19 - [main] INFO  com.zaxxer.hikari.pool.HikariPool - HikariPoolName - Added connection com.mysql.cj.jdbc.ConnectionImpl@2d117280
2024-12-09 22:05:19 - [main] INFO  com.zaxxer.hikari.HikariDataSource - HikariPoolName - Start completed.
2024-12-09 22:05:20 - [HikariPoolName housekeeper] DEBUG com.zaxxer.hikari.pool.HikariPool - HikariPoolName - Pool stats (total=1, active=0, idle=1, waiting=0)
2024-12-09 22:05:20 - [HikariPoolName connection adder] DEBUG com.zaxxer.hikari.pool.HikariPool - HikariPoolName - Added connection com.mysql.cj.jdbc.ConnectionImpl@3f3e4ebd
2024-12-09 22:05:20 - [main] INFO  o.h.jpa.internal.util.LogHelper - HHH000204: Processing PersistenceUnitInfo [name: default]
2024-12-09 22:05:20 - [HikariPoolName connection adder] DEBUG com.zaxxer.hikari.pool.HikariPool - HikariPoolName - After adding stats (total=2, active=0, idle=2, waiting=0)
2024-12-09 22:05:20 - [HikariPoolName connection adder] DEBUG com.zaxxer.hikari.pool.HikariPool - HikariPoolName - Added connection com.mysql.cj.jdbc.ConnectionImpl@7e034486
2024-12-09 22:05:20 - [main] INFO  org.hibernate.Version - HHH000412: Hibernate ORM core version 6.5.3.Final
2024-12-09 22:05:20 - [HikariPoolName connection adder] DEBUG com.zaxxer.hikari.pool.HikariPool - HikariPoolName - After adding stats (total=3, active=0, idle=3, waiting=0)
2024-12-09 22:05:20 - [main] INFO  o.h.c.i.RegionFactoryInitiator - HHH000026: Second-level cache disabled
2024-12-09 22:05:20 - [main] INFO  o.s.o.j.p.SpringPersistenceUnitInfo - No LoadTimeWeaver setup: ignoring JPA class transformer
2024-12-09 22:05:21 - [main] INFO  o.h.e.t.j.p.i.JtaPlatformInitiator - HHH000489: No JTA platform available (set 'hibernate.transaction.jta.platform' to enable JTA platform integration)
2024-12-09 22:05:21 - [main] INFO  o.s.o.j.LocalContainerEntityManagerFactoryBean - Initialized JPA EntityManagerFactory for persistence unit 'default'
2024-12-09 22:05:22 - [main] WARN  o.s.b.a.o.j.JpaBaseConfiguration$JpaWebConfiguration - spring.jpa.open-in-view is enabled by default. Therefore, database queries may be performed during view rendering. Explicitly configure spring.jpa.open-in-view to disable this warning
2024-12-09 22:05:24 - [main] INFO  o.s.b.w.e.tomcat.TomcatWebServer - Tomcat started on port 8080 (http) with context path '/'
2024-12-09 22:05:24 - [main] INFO  o.s.b.w.e.tomcat.TomcatWebServer - Tomcat initialized with port 8081 (http)
2024-12-09 22:05:24 - [main] INFO  o.a.catalina.core.StandardService - Starting service [Tomcat]
2024-12-09 22:05:24 - [main] INFO  o.a.catalina.core.StandardEngine - Starting Servlet engine: [Apache Tomcat/10.1.31]
2024-12-09 22:05:24 - [main] INFO  o.a.c.c.C.[Tomcat-1].[localhost].[/] - Initializing Spring embedded WebApplicationContext
2024-12-09 22:05:24 - [main] INFO  o.s.b.w.s.c.ServletWebServerApplicationContext - Root WebApplicationContext: initialization completed in 121 ms
2024-12-09 22:05:24 - [main] INFO  o.s.b.a.e.web.EndpointLinksResolver - Exposing 16 endpoints beneath base path '/manage'
2024-12-09 22:05:24 - [main] INFO  o.s.b.w.e.tomcat.TomcatWebServer - Tomcat started on port 8081 (http) with context path '/'
2024-12-09 22:05:24 - [main] INFO  com.example.demo.DemoApplication - Started DemoApplication in 9.477 seconds (process running for 10.398)
2024-12-09 22:05:25 - [RMI TCP Connection(4)-127.0.0.1] INFO  o.a.c.c.C.[Tomcat].[localhost].[/] - Initializing Spring DispatcherServlet 'dispatcherServlet'
2024-12-09 22:05:25 - [RMI TCP Connection(4)-127.0.0.1] INFO  o.s.web.servlet.DispatcherServlet - Initializing Servlet 'dispatcherServlet'
2024-12-09 22:05:25 - [RMI TCP Connection(4)-127.0.0.1] INFO  o.s.web.servlet.DispatcherServlet - Completed initialization in 2 ms
2024-12-09 22:05:39 - [http-nio-8080-exec-2] ERROR o.a.c.c.C.[.[.[.[dispatcherServlet] - Servlet.service() for servlet [dispatcherServlet] in context with path [] threw exception [Filter execution threw an exception] with root cause
java.lang.StackOverflowError: null
	at java.base/java.util.concurrent.ConcurrentHashMap.get(ConcurrentHashMap.java:936)
	at org.springframework.context.support.ReloadableResourceBundleMessageSource.calculateAllFilenames(ReloadableResourceBundleMessageSource.java:328)
	at org.springframework.context.support.ReloadableResourceBundleMessageSource.resolveCodeWithoutArguments(ReloadableResourceBundleMessageSource.java:205)
	at org.springframework.context.support.AbstractMessageSource.getMessageInternal(AbstractMessageSource.java:213)
	at org.springframework.context.support.AbstractMessageSource.getMessage(AbstractMessageSource.java:142)
	at org.springframework.context.support.AbstractApplicationContext.getMessage(AbstractApplicationContext.java:1477)
	at org.springframework.context.support.MessageSourceAccessor.getMessage(MessageSourceAccessor.java:87)
	at org.springframework.security.authentication.dao.AbstractUserDetailsAuthenticationProvider.authenticate(AbstractUserDetailsAuthenticationProvider.java:141)
	at org.springframework.security.authentication.ProviderManager.authenticate(ProviderManager.java:182)
	at java.base/jdk.internal.reflect.DirectMethodHandleAccessor.invoke(DirectMethodHandleAccessor.java:103)
	at java.base/java.lang.reflect.Method.invoke(Method.java:580)
	at org.springframework.aop.support.AopUtils.invokeJoinpointUsingReflection(AopUtils.java:355)
	at org.springframework.aop.framework.JdkDynamicAopProxy.invoke(JdkDynamicAopProxy.java:216)
	at jdk.proxy2/jdk.proxy2.$Proxy188.authenticate(Unknown Source)
	at org.springframework.security.authentication.ProviderManager.authenticate(ProviderManager.java:201)
	at java.base/jdk.internal.reflect.DirectMethodHandleAccessor.invoke(DirectMethodHandleAccessor.java:103)
	at java.base/java.lang.reflect.Method.invoke(Method.java:580)
	at org.springframework.aop.support.AopUtils.invokeJoinpointUsingReflection(AopUtils.java:355)
	at org.springframework.aop.framework.JdkDynamicAopProxy.invoke(JdkDynamicAopProxy.java:216)
	at jdk.proxy2/jdk.proxy2.$Proxy188.authenticate(Unknown Source)
	at org.springframework.security.authentication.ProviderManager.authenticate(ProviderManager.java:201)
	at java.base/jdk.internal.reflect.DirectMethodHandleAccessor.invoke(DirectMethodHandleAccessor.java:103)
	at java.base/java.lang.reflect.Method.invoke(Method.java:580)
	at org.springframework.aop.support.AopUtils.invokeJoinpointUsingReflection(AopUtils.java:355)
	at org.springframework.aop.framework.JdkDynamicAopProxy.invoke(JdkDynamicAopProxy.java:216)
	at jdk.proxy2/jdk.proxy2.$Proxy188.authenticate(Unknown Source)
	at org.springframework.security.authentication.ProviderManager.authenticate(ProviderManager.java:201)
	at java.base/jdk.internal.reflect.DirectMethodHandleAccessor.invoke(DirectMethodHandleAccessor.java:103)
	at java.base/java.lang.reflect.Method.invoke(Method.java:580)
	at org.springframework.aop.support.AopUtils.invokeJoinpointUsingReflection(AopUtils.java:355)
	at org.springframework.aop.framework.JdkDynamicAopProxy.invoke(JdkDynamicAopProxy.java:216)
	at jdk.proxy2/jdk.proxy2.$Proxy188.authenticate(Unknown Source)
	at org.springframework.security.authentication.ProviderManager.authenticate(ProviderManager.java:201)
	at java.base/jdk.internal.reflect.DirectMethodHandleAccessor.invoke(DirectMethodHandleAccessor.java:103)
	at java.base/java.lang.reflect.Method.invoke(Method.java:580)
	at org.springframework.aop.support.AopUtils.invokeJoinpointUsingReflection(AopUtils.java:355)
	at org.springframework.aop.framework.JdkDynamicAopProxy.invoke(JdkDynamicAopProxy.java:216)
	at jdk.proxy2/jdk.proxy2.$Proxy188.authenticate(Unknown Source)
	at org.springframework.security.authentication.ProviderManager.authenticate(ProviderManager.java:201)
	at java.base/jdk.internal.reflect.DirectMethodHandleAccessor.invoke(DirectMethodHandleAccessor.java:103)
	at java.base/java.lang.reflect.Method.invoke(Method.java:580)
	at org.springframework.aop.support.AopUtils.invokeJoinpointUsingReflection(AopUtils.java:355)
	at org.springframework.aop.framework.JdkDynamicAopProxy.invoke(JdkDynamicAopProxy.java:216)
	at jdk.proxy2/jdk.proxy2.$Proxy188.authenticate(Unknown Source)
	at org.springframework.security.authentication.ProviderManager.authenticate(ProviderManager.java:201)
	at java.base/jdk.internal.reflect.DirectMethodHandleAccessor.invoke(DirectMethodHandleAccessor.java:103)
	at java.base/java.lang.reflect.Method.invoke(Method.java:580)
	at org.springframework.aop.support.AopUtils.invokeJoinpointUsingReflection(AopUtils.java:355)
	at org.springframework.aop.framework.JdkDynamicAopProxy.invoke(JdkDynamicAopProxy.java:216)
	at jdk.proxy2/jdk.proxy2.$Proxy188.authenticate(Unknown Source)
	at org.springframework.security.authentication.ProviderManager.authenticate(ProviderManager.java:201)
	at java.base/jdk.internal.reflect.DirectMethodHandleAccessor.invoke(DirectMethodHandleAccessor.java:103)
	at java.base/java.lang.reflect.Method.invoke(Method.java:580)
	at org.springframework.aop.support.AopUtils.invokeJoinpointUsingReflection(AopUtils.java:355)
	at org.springframework.aop.framework.JdkDynamicAopProxy.invoke(JdkDynamicAopProxy.java:216)
	at jdk.proxy2/jdk.proxy2.$Proxy188.authenticate(Unknown Source)
	at org.springframework.security.authentication.ProviderManager.authenticate(ProviderManager.java:201)
	at java.base/jdk.internal.reflect.DirectMethodHandleAccessor.invoke(DirectMethodHandleAccessor.java:103)
	at java.base/java.lang.reflect.Method.invoke(Method.java:580)
	at org.springframework.aop.support.AopUtils.invokeJoinpointUsingReflection(AopUtils.java:355)
	at org.springframework.aop.framework.JdkDynamicAopProxy.invoke(JdkDynamicAopProxy.java:216)
	at jdk.proxy2/jdk.proxy2.$Proxy188.authenticate(Unknown Source)
	at org.springframework.security.authentication.ProviderManager.authenticate(ProviderManager.java:201)
	at java.base/jdk.internal.reflect.DirectMethodHandleAccessor.invoke(DirectMethodHandleAccessor.java:103)
	at java.base/java.lang.reflect.Method.invoke(Method.java:580)
	at org.springframework.aop.support.AopUtils.invokeJoinpointUsingReflection(AopUtils.java:355)
	at org.springframework.aop.framework.JdkDynamicAopProxy.invoke(JdkDynamicAopProxy.java:216)
	at jdk.proxy2/jdk.proxy2.$Proxy188.authenticate(Unknown Source)
	at org.springframework.security.authentication.ProviderManager.authenticate(ProviderManager.java:201)
	at java.base/jdk.internal.reflect.DirectMethodHandleAccessor.invoke(DirectMethodHandleAccessor.java:103)
	at java.base/java.lang.reflect.Method.invoke(Method.java:580)
	at org.springframework.aop.support.AopUtils.invokeJoinpointUsingReflection(AopUtils.java:355)
	at org.springframework.aop.framework.JdkDynamicAopProxy.invoke(JdkDynamicAopProxy.java:216)
	at jdk.proxy2/jdk.proxy2.$Proxy188.authenticate(Unknown Source)
	at org.springframework.security.authentication.ProviderManager.authenticate(ProviderManager.java:201)
	at java.base/jdk.internal.reflect.DirectMethodHandleAccessor.invoke(DirectMethodHandleAccessor.java:103)
	at java.base/java.lang.reflect.Method.invoke(Method.java:580)
	at org.springframework.aop.support.AopUtils.invokeJoinpointUsingReflection(AopUtils.java:355)
	at org.springframework.aop.framework.JdkDynamicAopProxy.invoke(JdkDynamicAopProxy.java:216)
	at jdk.proxy2/jdk.proxy2.$Proxy188.authenticate(Unknown Source)
	at org.springframework.security.authentication.ProviderManager.authenticate(ProviderManager.java:201)
	at java.base/jdk.internal.reflect.DirectMethodHandleAccessor.invoke(DirectMethodHandleAccessor.java:103)
	at java.base/java.lang.reflect.Method.invoke(Method.java:580)
	at org.springframework.aop.support.AopUtils.invokeJoinpointUsingReflection(AopUtils.java:355)
	at org.springframework.aop.framework.JdkDynamicAopProxy.invoke(JdkDynamicAopProxy.java:216)
	at jdk.proxy2/jdk.proxy2.$Proxy188.authenticate(Unknown Source)
	at org.springframework.security.authentication.ProviderManager.authenticate(ProviderManager.java:201)
	at java.base/jdk.internal.reflect.DirectMethodHandleAccessor.invoke(DirectMethodHandleAccessor.java:103)
	at java.base/java.lang.reflect.Method.invoke(Method.java:580)
	at org.springframework.aop.support.AopUtils.invokeJoinpointUsingReflection(AopUtils.java:355)
	at org.springframework.aop.framework.JdkDynamicAopProxy.invoke(JdkDynamicAopProxy.java:216)
	at jdk.proxy2/jdk.proxy2.$Proxy188.authenticate(Unknown Source)
	at org.springframework.security.authentication.ProviderManager.authenticate(ProviderManager.java:201)
	at java.base/jdk.internal.reflect.DirectMethodHandleAccessor.invoke(DirectMethodHandleAccessor.java:103)
	at java.base/java.lang.reflect.Method.invoke(Method.java:580)
	at org.springframework.aop.support.AopUtils.invokeJoinpointUsingReflection(AopUtils.java:355)
	at org.springframework.aop.framework.JdkDynamicAopProxy.invoke(JdkDynamicAopProxy.java:216)
	at jdk.proxy2/jdk.proxy2.$Proxy188.authenticate(Unknown Source)
	at org.springframework.security.authentication.ProviderManager.authenticate(ProviderManager.java:201)
	at java.base/jdk.internal.reflect.DirectMethodHandleAccessor.invoke(DirectMethodHandleAccessor.java:103)
	at java.base/java.lang.reflect.Method.invoke(Method.java:580)
	at org.springframework.aop.support.AopUtils.invokeJoinpointUsingReflection(AopUtils.java:355)
	at org.springframework.aop.framework.JdkDynamicAopProxy.invoke(JdkDynamicAopProxy.java:216)
	at jdk.proxy2/jdk.proxy2.$Proxy188.authenticate(Unknown Source)
	at org.springframework.security.authentication.ProviderManager.authenticate(ProviderManager.java:201)
	at java.base/jdk.internal.reflect.DirectMethodHandleAccessor.invoke(DirectMethodHandleAccessor.java:103)
	at java.base/java.lang.reflect.Method.invoke(Method.java:580)
	at org.springframework.aop.support.AopUtils.invokeJoinpointUsingReflection(AopUtils.java:355)
	at org.springframework.aop.framework.JdkDynamicAopProxy.invoke(JdkDynamicAopProxy.java:216)
	at jdk.proxy2/jdk.proxy2.$Proxy188.authenticate(Unknown Source)
	at org.springframework.security.authentication.ProviderManager.authenticate(ProviderManager.java:201)
	at java.base/jdk.internal.reflect.DirectMethodHandleAccessor.invoke(DirectMethodHandleAccessor.java:103)
	at java.base/java.lang.reflect.Method.invoke(Method.java:580)
	at org.springframework.aop.support.AopUtils.invokeJoinpointUsingReflection(AopUtils.java:355)
	at org.springframework.aop.framework.JdkDynamicAopProxy.invoke(JdkDynamicAopProxy.java:216)
	at jdk.proxy2/jdk.proxy2.$Proxy188.authenticate(Unknown Source)
	at org.springframework.security.authentication.ProviderManager.authenticate(ProviderManager.java:201)
	at java.base/jdk.internal.reflect.DirectMethodHandleAccessor.invoke(DirectMethodHandleAccessor.java:103)
	at java.base/java.lang.reflect.Method.invoke(Method.java:580)
	at org.springframework.aop.support.AopUtils.invokeJoinpointUsingReflection(AopUtils.java:355)
	at org.springframework.aop.framework.JdkDynamicAopProxy.invoke(JdkDynamicAopProxy.java:216)
	at jdk.proxy2/jdk.proxy2.$Proxy188.authenticate(Unknown Source)
	at org.springframework.security.authentication.ProviderManager.authenticate(ProviderManager.java:201)
	at java.base/jdk.internal.reflect.DirectMethodHandleAccessor.invoke(DirectMethodHandleAccessor.java:103)
	at java.base/java.lang.reflect.Method.invoke(Method.java:580)
	at org.springframework.aop.support.AopUtils.invokeJoinpointUsingReflection(AopUtils.java:355)
	at org.springframework.aop.framework.JdkDynamicAopProxy.invoke(JdkDynamicAopProxy.java:216)
	at jdk.proxy2/jdk.proxy2.$Proxy188.authenticate(Unknown Source)
	at org.springframework.security.authentication.ProviderManager.authenticate(ProviderManager.java:201)
	at java.base/jdk.internal.reflect.DirectMethodHandleAccessor.invoke(DirectMethodHandleAccessor.java:103)
	at java.base/java.lang.reflect.Method.invoke(Method.java:580)
	at org.springframework.aop.support.AopUtils.invokeJoinpointUsingReflection(AopUtils.java:355)
	at org.springframework.aop.framework.JdkDynamicAopProxy.invoke(JdkDynamicAopProxy.java:216)
	at jdk.proxy2/jdk.proxy2.$Proxy188.authenticate(Unknown Source)
	at org.springframework.security.authentication.ProviderManager.authenticate(ProviderManager.java:201)
	at java.base/jdk.internal.reflect.DirectMethodHandleAccessor.invoke(DirectMethodHandleAccessor.java:103)
	at java.base/java.lang.reflect.Method.invoke(Method.java:580)
	at org.springframework.aop.support.AopUtils.invokeJoinpointUsingReflection(AopUtils.java:355)
	at org.springframework.aop.framework.JdkDynamicAopProxy.invoke(JdkDynamicAopProxy.java:216)
	at jdk.proxy2/jdk.proxy2.$Proxy188.authenticate(Unknown Source)
	at org.springframework.security.authentication.ProviderManager.authenticate(ProviderManager.java:201)
	at java.base/jdk.internal.reflect.DirectMethodHandleAccessor.invoke(DirectMethodHandleAccessor.java:103)
	at java.base/java.lang.reflect.Method.invoke(Method.java:580)
	at org.springframework.aop.support.AopUtils.invokeJoinpointUsingReflection(AopUtils.java:355)
	at org.springframework.aop.framework.JdkDynamicAopProxy.invoke(JdkDynamicAopProxy.java:216)
	at jdk.proxy2/jdk.proxy2.$Proxy188.authenticate(Unknown Source)
	at org.springframework.security.authentication.ProviderManager.authenticate(ProviderManager.java:201)
	at java.base/jdk.internal.reflect.DirectMethodHandleAccessor.invoke(DirectMethodHandleAccessor.java:103)
	at java.base/java.lang.reflect.Method.invoke(Method.java:580)
	at org.springframework.aop.support.AopUtils.invokeJoinpointUsingReflection(AopUtils.java:355)
	at org.springframework.aop.framework.JdkDynamicAopProxy.invoke(JdkDynamicAopProxy.java:216)
	at jdk.proxy2/jdk.proxy2.$Proxy188.authenticate(Unknown Source)
	at org.springframework.security.authentication.ProviderManager.authenticate(ProviderManager.java:201)
	at java.base/jdk.internal.reflect.DirectMethodHandleAccessor.invoke(DirectMethodHandleAccessor.java:103)
	at java.base/java.lang.reflect.Method.invoke(Method.java:580)
	at org.springframework.aop.support.AopUtils.invokeJoinpointUsingReflection(AopUtils.java:355)
	at org.springframework.aop.framework.JdkDynamicAopProxy.invoke(JdkDynamicAopProxy.java:216)
	at jdk.proxy2/jdk.proxy2.$Proxy188.authenticate(Unknown Source)
	at org.springframework.security.authentication.ProviderManager.authenticate(ProviderManager.java:201)
	at java.base/jdk.internal.reflect.DirectMethodHandleAccessor.invoke(DirectMethodHandleAccessor.java:103)
	at java.base/java.lang.reflect.Method.invoke(Method.java:580)
	at org.springframework.aop.support.AopUtils.invokeJoinpointUsingReflection(AopUtils.java:355)
	at org.springframework.aop.framework.JdkDynamicAopProxy.invoke(JdkDynamicAopProxy.java:216)
	at jdk.proxy2/jdk.proxy2.$Proxy188.authenticate(Unknown Source)
	at org.springframework.security.authentication.ProviderManager.authenticate(ProviderManager.java:201)
	at java.base/jdk.internal.reflect.DirectMethodHandleAccessor.invoke(DirectMethodHandleAccessor.java:103)
	at java.base/java.lang.reflect.Method.invoke(Method.java:580)
	at org.springframework.aop.support.AopUtils.invokeJoinpointUsingReflection(AopUtils.java:355)
	at org.springframework.aop.framework.JdkDynamicAopProxy.invoke(JdkDynamicAopProxy.java:216)
	at jdk.proxy2/jdk.proxy2.$Proxy188.authenticate(Unknown Source)
	at org.springframework.security.authentication.ProviderManager.authenticate(ProviderManager.java:201)
	at java.base/jdk.internal.reflect.DirectMethodHandleAccessor.invoke(DirectMethodHandleAccessor.java:103)
	at java.base/java.lang.reflect.Method.invoke(Method.java:580)
	at org.springframework.aop.support.AopUtils.invokeJoinpointUsingReflection(AopUtils.java:355)
	at org.springframework.aop.framework.JdkDynamicAopProxy.invoke(JdkDynamicAopProxy.java:216)
	at jdk.proxy2/jdk.proxy2.$Proxy188.authenticate(Unknown Source)
	at org.springframework.security.authentication.ProviderManager.authenticate(ProviderManager.java:201)
	at java.base/jdk.internal.reflect.DirectMethodHandleAccessor.invoke(DirectMethodHandleAccessor.java:103)
	at java.base/java.lang.reflect.Method.invoke(Method.java:580)
	at org.springframework.aop.support.AopUtils.invokeJoinpointUsingReflection(AopUtils.java:355)
	at org.springframework.aop.framework.JdkDynamicAopProxy.invoke(JdkDynamicAopProxy.java:216)
	at jdk.proxy2/jdk.proxy2.$Proxy188.authenticate(Unknown Source)
	at org.springframework.security.authentication.ProviderManager.authenticate(ProviderManager.java:201)
	at java.base/jdk.internal.reflect.DirectMethodHandleAccessor.invoke(DirectMethodHandleAccessor.java:103)
	at java.base/java.lang.reflect.Method.invoke(Method.java:580)
	at org.springframework.aop.support.AopUtils.invokeJoinpointUsingReflection(AopUtils.java:355)
	at org.springframework.aop.framework.JdkDynamicAopProxy.invoke(JdkDynamicAopProxy.java:216)
	at jdk.proxy2/jdk.proxy2.$Proxy188.authenticate(Unknown Source)
	at org.springframework.security.authentication.ProviderManager.authenticate(ProviderManager.java:201)
	at java.base/jdk.internal.reflect.DirectMethodHandleAccessor.invoke(DirectMethodHandleAccessor.java:103)
	at java.base/java.lang.reflect.Method.invoke(Method.java:580)
	at org.springframework.aop.support.AopUtils.invokeJoinpointUsingReflection(AopUtils.java:355)
	at org.springframework.aop.framework.JdkDynamicAopProxy.invoke(JdkDynamicAopProxy.java:216)
	at jdk.proxy2/jdk.proxy2.$Proxy188.authenticate(Unknown Source)
	at org.springframework.security.authentication.ProviderManager.authenticate(ProviderManager.java:201)
	at java.base/jdk.internal.reflect.DirectMethodHandleAccessor.invoke(DirectMethodHandleAccessor.java:103)
	at java.base/java.lang.reflect.Method.invoke(Method.java:580)
	at org.springframework.aop.support.AopUtils.invokeJoinpointUsingReflection(AopUtils.java:355)
	at org.springframework.aop.framework.JdkDynamicAopProxy.invoke(JdkDynamicAopProxy.java:216)
	at jdk.proxy2/jdk.proxy2.$Proxy188.authenticate(Unknown Source)
	at org.springframework.security.authentication.ProviderManager.authenticate(ProviderManager.java:201)
	at java.base/jdk.internal.reflect.DirectMethodHandleAccessor.invoke(DirectMethodHandleAccessor.java:103)
	at java.base/java.lang.reflect.Method.invoke(Method.java:580)
	at org.springframework.aop.support.AopUtils.invokeJoinpointUsingReflection(AopUtils.java:355)
	at org.springframework.aop.framework.JdkDynamicAopProxy.invoke(JdkDynamicAopProxy.java:216)
	at jdk.proxy2/jdk.proxy2.$Proxy188.authenticate(Unknown Source)
	at org.springframework.security.authentication.ProviderManager.authenticate(ProviderManager.java:201)
	at java.base/jdk.internal.reflect.DirectMethodHandleAccessor.invoke(DirectMethodHandleAccessor.java:103)
	at java.base/java.lang.reflect.Method.invoke(Method.java:580)
	at org.springframework.aop.support.AopUtils.invokeJoinpointUsingReflection(AopUtils.java:355)
	at org.springframework.aop.framework.JdkDynamicAopProxy.invoke(JdkDynamicAopProxy.java:216)
	at jdk.proxy2/jdk.proxy2.$Proxy188.authenticate(Unknown Source)
	at org.springframework.security.authentication.ProviderManager.authenticate(ProviderManager.java:201)
	at java.base/jdk.internal.reflect.DirectMethodHandleAccessor.invoke(DirectMethodHandleAccessor.java:103)
	at java.base/java.lang.reflect.Method.invoke(Method.java:580)
	at org.springframework.aop.support.AopUtils.invokeJoinpointUsingReflection(AopUtils.java:355)
	at org.springframework.aop.framework.JdkDynamicAopProxy.invoke(JdkDynamicAopProxy.java:216)
	at jdk.proxy2/jdk.proxy2.$Proxy188.authenticate(Unknown Source)
	at org.springframework.security.authentication.ProviderManager.authenticate(ProviderManager.java:201)
	at java.base/jdk.internal.reflect.DirectMethodHandleAccessor.invoke(DirectMethodHandleAccessor.java:103)
	at java.base/java.lang.reflect.Method.invoke(Method.java:580)
	at org.springframework.aop.support.AopUtils.invokeJoinpointUsingReflection(AopUtils.java:355)
	at org.springframework.aop.framework.JdkDynamicAopProxy.invoke(JdkDynamicAopProxy.java:216)
	at jdk.proxy2/jdk.proxy2.$Proxy188.authenticate(Unknown Source)
	at org.springframework.security.authentication.ProviderManager.authenticate(ProviderManager.java:201)
	at java.base/jdk.internal.reflect.DirectMethodHandleAccessor.invoke(DirectMethodHandleAccessor.java:103)
	at java.base/java.lang.reflect.Method.invoke(Method.java:580)
	at org.springframework.aop.support.AopUtils.invokeJoinpointUsingReflection(AopUtils.java:355)
	at org.springframework.aop.framework.JdkDynamicAopProxy.invoke(JdkDynamicAopProxy.java:216)
	at jdk.proxy2/jdk.proxy2.$Proxy188.authenticate(Unknown Source)
	at org.springframework.security.authentication.ProviderManager.authenticate(ProviderManager.java:201)
	at java.base/jdk.internal.reflect.DirectMethodHandleAccessor.invoke(DirectMethodHandleAccessor.java:103)
	at java.base/java.lang.reflect.Method.invoke(Method.java:580)
	at org.springframework.aop.support.AopUtils.invokeJoinpointUsingReflection(AopUtils.java:355)
	at org.springframework.aop.framework.JdkDynamicAopProxy.invoke(JdkDynamicAopProxy.java:216)
	at jdk.proxy2/jdk.proxy2.$Proxy188.authenticate(Unknown Source)
	at org.springframework.security.authentication.ProviderManager.authenticate(ProviderManager.java:201)
	at java.base/jdk.internal.reflect.DirectMethodHandleAccessor.invoke(DirectMethodHandleAccessor.java:103)
	at java.base/java.lang.reflect.Method.invoke(Method.java:580)
	at org.springframework.aop.support.AopUtils.invokeJoinpointUsingReflection(AopUtils.java:355)
	at org.springframework.aop.framework.JdkDynamicAopProxy.invoke(JdkDynamicAopProxy.java:216)
	at jdk.proxy2/jdk.proxy2.$Proxy188.authenticate(Unknown Source)
	at org.springframework.security.authentication.ProviderManager.authenticate(ProviderManager.java:201)
	at java.base/jdk.internal.reflect.DirectMethodHandleAccessor.invoke(DirectMethodHandleAccessor.java:103)
	at java.base/java.lang.reflect.Method.invoke(Method.java:580)
	at org.springframework.aop.support.AopUtils.invokeJoinpointUsingReflection(AopUtils.java:355)
	at org.springframework.aop.framework.JdkDynamicAopProxy.invoke(JdkDynamicAopProxy.java:216)
	at jdk.proxy2/jdk.proxy2.$Proxy188.authenticate(Unknown Source)
	at org.springframework.security.authentication.ProviderManager.authenticate(ProviderManager.java:201)
	at java.base/jdk.internal.reflect.DirectMethodHandleAccessor.invoke(DirectMethodHandleAccessor.java:103)
	at java.base/java.lang.reflect.Method.invoke(Method.java:580)
	at org.springframework.aop.support.AopUtils.invokeJoinpointUsingReflection(AopUtils.java:355)
	at org.springframework.aop.framework.JdkDynamicAopProxy.invoke(JdkDynamicAopProxy.java:216)
	at jdk.proxy2/jdk.proxy2.$Proxy188.authenticate(Unknown Source)
	at org.springframework.security.authentication.ProviderManager.authenticate(ProviderManager.java:201)
	at java.base/jdk.internal.reflect.DirectMethodHandleAccessor.invoke(DirectMethodHandleAccessor.java:103)
	at java.base/java.lang.reflect.Method.invoke(Method.java:580)
	at org.springframework.aop.support.AopUtils.invokeJoinpointUsingReflection(AopUtils.java:355)
	at org.springframework.aop.framework.JdkDynamicAopProxy.invoke(JdkDynamicAopProxy.java:216)
	at jdk.proxy2/jdk.proxy2.$Proxy188.authenticate(Unknown Source)
	at org.springframework.security.authentication.ProviderManager.authenticate(ProviderManager.java:201)
	at java.base/jdk.internal.reflect.DirectMethodHandleAccessor.invoke(DirectMethodHandleAccessor.java:103)
	at java.base/java.lang.reflect.Method.invoke(Method.java:580)
	at org.springframework.aop.support.AopUtils.invokeJoinpointUsingReflection(AopUtils.java:355)
	at org.springframework.aop.framework.JdkDynamicAopProxy.invoke(JdkDynamicAopProxy.java:216)
	at jdk.proxy2/jdk.proxy2.$Proxy188.authenticate(Unknown Source)
	at org.springframework.security.authentication.ProviderManager.authenticate(ProviderManager.java:201)
	at java.base/jdk.internal.reflect.DirectMethodHandleAccessor.invoke(DirectMethodHandleAccessor.java:103)
	at java.base/java.lang.reflect.Method.invoke(Method.java:580)
	at org.springframework.aop.support.AopUtils.invokeJoinpointUsingReflection(AopUtils.java:355)
	at org.springframework.aop.framework.JdkDynamicAopProxy.invoke(JdkDynamicAopProxy.java:216)
	at jdk.proxy2/jdk.proxy2.$Proxy188.authenticate(Unknown Source)
	at org.springframework.security.authentication.ProviderManager.authenticate(ProviderManager.java:201)
	at java.base/jdk.internal.reflect.DirectMethodHandleAccessor.invoke(DirectMethodHandleAccessor.java:103)
	at java.base/java.lang.reflect.Method.invoke(Method.java:580)
	at org.springframework.aop.support.AopUtils.invokeJoinpointUsingReflection(AopUtils.java:355)
	at org.springframework.aop.framework.JdkDynamicAopProxy.invoke(JdkDynamicAopProxy.java:216)
	at jdk.proxy2/jdk.proxy2.$Proxy188.authenticate(Unknown Source)
	at org.springframework.security.authentication.ProviderManager.authenticate(ProviderManager.java:201)
	at java.base/jdk.internal.reflect.DirectMethodHandleAccessor.invoke(DirectMethodHandleAccessor.java:103)
	at java.base/java.lang.reflect.Method.invoke(Method.java:580)
	at org.springframework.aop.support.AopUtils.invokeJoinpointUsingReflection(AopUtils.java:355)
	at org.springframework.aop.framework.JdkDynamicAopProxy.invoke(JdkDynamicAopProxy.java:216)
	at jdk.proxy2/jdk.proxy2.$Proxy188.authenticate(Unknown Source)
	at org.springframework.security.authentication.ProviderManager.authenticate(ProviderManager.java:201)
	at java.base/jdk.internal.reflect.DirectMethodHandleAccessor.invoke(DirectMethodHandleAccessor.java:103)
	at java.base/java.lang.reflect.Method.invoke(Method.java:580)
	at org.springframework.aop.support.AopUtils.invokeJoinpointUsingReflection(AopUtils.java:355)
	at org.springframework.aop.framework.JdkDynamicAopProxy.invoke(JdkDynamicAopProxy.java:216)
	at jdk.proxy2/jdk.proxy2.$Proxy188.authenticate(Unknown Source)
	at org.springframework.security.authentication.ProviderManager.authenticate(ProviderManager.java:201)
	at java.base/jdk.internal.reflect.DirectMethodHandleAccessor.invoke(DirectMethodHandleAccessor.java:103)
	at java.base/java.lang.reflect.Method.invoke(Method.java:580)
	at org.springframework.aop.support.AopUtils.invokeJoinpointUsingReflection(AopUtils.java:355)
	at org.springframework.aop.framework.JdkDynamicAopProxy.invoke(JdkDynamicAopProxy.java:216)
	at jdk.proxy2/jdk.proxy2.$Proxy188.authenticate(Unknown Source)
	at org.springframework.security.authentication.ProviderManager.authenticate(ProviderManager.java:201)
	at java.base/jdk.internal.reflect.DirectMethodHandleAccessor.invoke(DirectMethodHandleAccessor.java:103)
	at java.base/java.lang.reflect.Method.invoke(Method.java:580)
	at org.springframework.aop.support.AopUtils.invokeJoinpointUsingReflection(AopUtils.java:355)
	at org.springframework.aop.framework.JdkDynamicAopProxy.invoke(JdkDynamicAopProxy.java:216)
	at jdk.proxy2/jdk.proxy2.$Proxy188.authenticate(Unknown Source)
	at org.springframework.security.authentication.ProviderManager.authenticate(ProviderManager.java:201)
	at java.base/jdk.internal.reflect.DirectMethodHandleAccessor.invoke(DirectMethodHandleAccessor.java:103)
	at java.base/java.lang.reflect.Method.invoke(Method.java:580)
	at org.springframework.aop.support.AopUtils.invokeJoinpointUsingReflection(AopUtils.java:355)
	at org.springframework.aop.framework.JdkDynamicAopProxy.invoke(JdkDynamicAopProxy.java:216)
	at jdk.proxy2/jdk.proxy2.$Proxy188.authenticate(Unknown Source)
	at org.springframework.security.authentication.ProviderManager.authenticate(ProviderManager.java:201)
	at java.base/jdk.internal.reflect.DirectMethodHandleAccessor.invoke(DirectMethodHandleAccessor.java:103)
	at java.base/java.lang.reflect.Method.invoke(Method.java:580)
	at org.springframework.aop.support.AopUtils.invokeJoinpointUsingReflection(AopUtils.java:355)
	at org.springframework.aop.framework.JdkDynamicAopProxy.invoke(JdkDynamicAopProxy.java:216)
	at jdk.proxy2/jdk.proxy2.$Proxy188.authenticate(Unknown Source)
	at org.springframework.security.authentication.ProviderManager.authenticate(ProviderManager.java:201)
	at java.base/jdk.internal.reflect.DirectMethodHandleAccessor.invoke(DirectMethodHandleAccessor.java:103)
	at java.base/java.lang.reflect.Method.invoke(Method.java:580)
	at org.springframework.aop.support.AopUtils.invokeJoinpointUsingReflection(AopUtils.java:355)
	at org.springframework.aop.framework.JdkDynamicAopProxy.invoke(JdkDynamicAopProxy.java:216)
	at jdk.proxy2/jdk.proxy2.$Proxy188.authenticate(Unknown Source)
	at org.springframework.security.authentication.ProviderManager.authenticate(ProviderManager.java:201)
	at java.base/jdk.internal.reflect.DirectMethodHandleAccessor.invoke(DirectMethodHandleAccessor.java:103)
	at java.base/java.lang.reflect.Method.invoke(Method.java:580)
	at org.springframework.aop.support.AopUtils.invokeJoinpointUsingReflection(AopUtils.java:355)
	at org.springframework.aop.framework.JdkDynamicAopProxy.invoke(JdkDynamicAopProxy.java:216)
	at jdk.proxy2/jdk.proxy2.$Proxy188.authenticate(Unknown Source)
	at org.springframework.security.authentication.ProviderManager.authenticate(ProviderManager.java:201)
	at java.base/jdk.internal.reflect.DirectMethodHandleAccessor.invoke(DirectMethodHandleAccessor.java:103)
	at java.base/java.lang.reflect.Method.invoke(Method.java:580)
	at org.springframework.aop.support.AopUtils.invokeJoinpointUsingReflection(AopUtils.java:355)
	at org.springframework.aop.framework.JdkDynamicAopProxy.invoke(JdkDynamicAopProxy.java:216)
	at jdk.proxy2/jdk.proxy2.$Proxy188.authenticate(Unknown Source)
	at org.springframework.security.authentication.ProviderManager.authenticate(ProviderManager.java:201)
	at java.base/jdk.internal.reflect.DirectMethodHandleAccessor.invoke(DirectMethodHandleAccessor.java:103)
	at java.base/java.lang.reflect.Method.invoke(Method.java:580)
	at org.springframework.aop.support.AopUtils.invokeJoinpointUsingReflection(AopUtils.java:355)
	at org.springframework.aop.framework.JdkDynamicAopProxy.invoke(JdkDynamicAopProxy.java:216)
	at jdk.proxy2/jdk.proxy2.$Proxy188.authenticate(Unknown Source)
	at org.springframework.security.authentication.ProviderManager.authenticate(ProviderManager.java:201)
	at java.base/jdk.internal.reflect.DirectMethodHandleAccessor.invoke(DirectMethodHandleAccessor.java:103)
	at java.base/java.lang.reflect.Method.invoke(Method.java:580)
	at org.springframework.aop.support.AopUtils.invokeJoinpointUsingReflection(AopUtils.java:355)
	at org.springframework.aop.framework.JdkDynamicAopProxy.invoke(JdkDynamicAopProxy.java:216)
	at jdk.proxy2/jdk.proxy2.$Proxy188.authenticate(Unknown Source)
	at org.springframework.security.authentication.ProviderManager.authenticate(ProviderManager.java:201)
	at java.base/jdk.internal.reflect.DirectMethodHandleAccessor.invoke(DirectMethodHandleAccessor.java:103)
	at java.base/java.lang.reflect.Method.invoke(Method.java:580)
	at org.springframework.aop.support.AopUtils.invokeJoinpointUsingReflection(AopUtils.java:355)
	at org.springframework.aop.framework.JdkDynamicAopProxy.invoke(JdkDynamicAopProxy.java:216)
	at jdk.proxy2/jdk.proxy2.$Proxy188.authenticate(Unknown Source)
	at org.springframework.security.authentication.ProviderManager.authenticate(ProviderManager.java:201)
	at java.base/jdk.internal.reflect.DirectMethodHandleAccessor.invoke(DirectMethodHandleAccessor.java:103)
	at java.base/java.lang.reflect.Method.invoke(Method.java:580)
	at org.springframework.aop.support.AopUtils.invokeJoinpointUsingReflection(AopUtils.java:355)
	at org.springframework.aop.framework.JdkDynamicAopProxy.invoke(JdkDynamicAopProxy.java:216)
	at jdk.proxy2/jdk.proxy2.$Proxy188.authenticate(Unknown Source)
	at org.springframework.security.authentication.ProviderManager.authenticate(ProviderManager.java:201)
	at java.base/jdk.internal.reflect.DirectMethodHandleAccessor.invoke(DirectMethodHandleAccessor.java:103)
	at java.base/java.lang.reflect.Method.invoke(Method.java:580)
	at org.springframework.aop.support.AopUtils.invokeJoinpointUsingReflection(AopUtils.java:355)
	at org.springframework.aop.framework.JdkDynamicAopProxy.invoke(JdkDynamicAopProxy.java:216)
	at jdk.proxy2/jdk.proxy2.$Proxy188.authenticate(Unknown Source)
	at org.springframework.security.authentication.ProviderManager.authenticate(ProviderManager.java:201)
	at java.base/jdk.internal.reflect.DirectMethodHandleAccessor.invoke(DirectMethodHandleAccessor.java:103)
	at java.base/java.lang.reflect.Method.invoke(Method.java:580)
	at org.springframework.aop.support.AopUtils.invokeJoinpointUsingReflection(AopUtils.java:355)
	at org.springframework.aop.framework.JdkDynamicAopProxy.invoke(JdkDynamicAopProxy.java:216)
	at jdk.proxy2/jdk.proxy2.$Proxy188.authenticate(Unknown Source)
	at org.springframework.security.authentication.ProviderManager.authenticate(ProviderManager.java:201)
	at java.base/jdk.internal.reflect.DirectMethodHandleAccessor.invoke(DirectMethodHandleAccessor.java:103)
	at java.base/java.lang.reflect.Method.invoke(Method.java:580)
	at org.springframework.aop.support.AopUtils.invokeJoinpointUsingReflection(AopUtils.java:355)
	at org.springframework.aop.framework.JdkDynamicAopProxy.invoke(JdkDynamicAopProxy.java:216)
	at jdk.proxy2/jdk.proxy2.$Proxy188.authenticate(Unknown Source)
	at org.springframework.security.authentication.ProviderManager.authenticate(ProviderManager.java:201)
	at java.base/jdk.internal.reflect.DirectMethodHandleAccessor.invoke(DirectMethodHandleAccessor.java:103)
	at java.base/java.lang.reflect.Method.invoke(Method.java:580)
	at org.springframework.aop.support.AopUtils.invokeJoinpointUsingReflection(AopUtils.java:355)
	at org.springframework.aop.framework.JdkDynamicAopProxy.invoke(JdkDynamicAopProxy.java:216)
	at jdk.proxy2/jdk.proxy2.$Proxy188.authenticate(Unknown Source)
	at org.springframework.security.authentication.ProviderManager.authenticate(ProviderManager.java:201)
	at java.base/jdk.internal.reflect.DirectMethodHandleAccessor.invoke(DirectMethodHandleAccessor.java:103)
	at java.base/java.lang.reflect.Method.invoke(Method.java:580)
	at org.springframework.aop.support.AopUtils.invokeJoinpointUsingReflection(AopUtils.java:355)
	at org.springframework.aop.framework.JdkDynamicAopProxy.invoke(JdkDynamicAopProxy.java:216)
	at jdk.proxy2/jdk.proxy2.$Proxy188.authenticate(Unknown Source)
	at org.springframework.security.authentication.ProviderManager.authenticate(ProviderManager.java:201)
	at java.base/jdk.internal.reflect.DirectMethodHandleAccessor.invoke(DirectMethodHandleAccessor.java:103)
	at java.base/java.lang.reflect.Method.invoke(Method.java:580)
	at org.springframework.aop.support.AopUtils.invokeJoinpointUsingReflection(AopUtils.java:355)
	at org.springframework.aop.framework.JdkDynamicAopProxy.invoke(JdkDynamicAopProxy.java:216)
	at jdk.proxy2/jdk.proxy2.$Proxy188.authenticate(Unknown Source)
	at org.springframework.security.authentication.ProviderManager.authenticate(ProviderManager.java:201)
	at java.base/jdk.internal.reflect.DirectMethodHandleAccessor.invoke(DirectMethodHandleAccessor.java:103)
	at java.base/java.lang.reflect.Method.invoke(Method.java:580)
	at org.springframework.aop.support.AopUtils.invokeJoinpointUsingReflection(AopUtils.java:355)
	at org.springframework.aop.framework.JdkDynamicAopProxy.invoke(JdkDynamicAopProxy.java:216)
	at jdk.proxy2/jdk.proxy2.$Proxy188.authenticate(Unknown Source)
	at org.springframework.security.authentication.ProviderManager.authenticate(ProviderManager.java:201)
	at java.base/jdk.internal.reflect.DirectMethodHandleAccessor.invoke(DirectMethodHandleAccessor.java:103)
	at java.base/java.lang.reflect.Method.invoke(Method.java:580)
	at org.springframework.aop.support.AopUtils.invokeJoinpointUsingReflection(AopUtils.java:355)
	at org.springframework.aop.framework.JdkDynamicAopProxy.invoke(JdkDynamicAopProxy.java:216)
	at jdk.proxy2/jdk.proxy2.$Proxy188.authenticate(Unknown Source)
	at org.springframework.security.authentication.ProviderManager.authenticate(ProviderManager.java:201)
	at java.base/jdk.internal.reflect.DirectMethodHandleAccessor.invoke(DirectMethodHandleAccessor.java:103)
	at java.base/java.lang.reflect.Method.invoke(Method.java:580)
	at org.springframework.aop.support.AopUtils.invokeJoinpointUsingReflection(AopUtils.java:355)
	at org.springframework.aop.framework.JdkDynamicAopProxy.invoke(JdkDynamicAopProxy.java:216)
	at jdk.proxy2/jdk.proxy2.$Proxy188.authenticate(Unknown Source)
	at org.springframework.security.authentication.ProviderManager.authenticate(ProviderManager.java:201)
	at java.base/jdk.internal.reflect.DirectMethodHandleAccessor.invoke(DirectMethodHandleAccessor.java:103)
	at java.base/java.lang.reflect.Method.invoke(Method.java:580)
	at org.springframework.aop.support.AopUtils.invokeJoinpointUsingReflection(AopUtils.java:355)
	at org.springframework.aop.framework.JdkDynamicAopProxy.invoke(JdkDynamicAopProxy.java:216)
	at jdk.proxy2/jdk.proxy2.$Proxy188.authenticate(Unknown Source)
	at org.springframework.security.authentication.ProviderManager.authenticate(ProviderManager.java:201)
	at java.base/jdk.internal.reflect.DirectMethodHandleAccessor.invoke(DirectMethodHandleAccessor.java:103)
	at java.base/java.lang.reflect.Method.invoke(Method.java:580)
	at org.springframework.aop.support.AopUtils.invokeJoinpointUsingReflection(AopUtils.java:355)
	at org.springframework.aop.framework.JdkDynamicAopProxy.invoke(JdkDynamicAopProxy.java:216)
	at jdk.proxy2/jdk.proxy2.$Proxy188.authenticate(Unknown Source)
	at org.springframework.security.authentication.ProviderManager.authenticate(ProviderManager.java:201)
	at java.base/jdk.internal.reflect.DirectMethodHandleAccessor.invoke(DirectMethodHandleAccessor.java:103)
	at java.base/java.lang.reflect.Method.invoke(Method.java:580)
	at org.springframework.aop.support.AopUtils.invokeJoinpointUsingReflection(AopUtils.java:355)
	at org.springframework.aop.framework.JdkDynamicAopProxy.invoke(JdkDynamicAopProxy.java:216)
	at jdk.proxy2/jdk.proxy2.$Proxy188.authenticate(Unknown Source)
	at org.springframework.security.authentication.ProviderManager.authenticate(ProviderManager.java:201)
	at java.base/jdk.internal.reflect.DirectMethodHandleAccessor.invoke(DirectMethodHandleAccessor.java:103)
	at java.base/java.lang.reflect.Method.invoke(Method.java:580)
	at org.springframework.aop.support.AopUtils.invokeJoinpointUsingReflection(AopUtils.java:355)
	at org.springframework.aop.framework.JdkDynamicAopProxy.invoke(JdkDynamicAopProxy.java:216)
	at jdk.proxy2/jdk.proxy2.$Proxy188.authenticate(Unknown Source)
	at org.springframework.security.authentication.ProviderManager.authenticate(ProviderManager.java:201)
	at java.base/jdk.internal.reflect.DirectMethodHandleAccessor.invoke(DirectMethodHandleAccessor.java:103)
	at java.base/java.lang.reflect.Method.invoke(Method.java:580)
	at org.springframework.aop.support.AopUtils.invokeJoinpointUsingReflection(AopUtils.java:355)
	at org.springframework.aop.framework.JdkDynamicAopProxy.invoke(JdkDynamicAopProxy.java:216)
	at jdk.proxy2/jdk.proxy2.$Proxy188.authenticate(Unknown Source)
	at org.springframework.security.authentication.ProviderManager.authenticate(ProviderManager.java:201)
	at java.base/jdk.internal.reflect.DirectMethodHandleAccessor.invoke(DirectMethodHandleAccessor.java:103)
	at java.base/java.lang.reflect.Method.invoke(Method.java:580)
	at org.springframework.aop.support.AopUtils.invokeJoinpointUsingReflection(AopUtils.java:355)
	at org.springframework.aop.framework.JdkDynamicAopProxy.invoke(JdkDynamicAopProxy.java:216)
	at jdk.proxy2/jdk.proxy2.$Proxy188.authenticate(Unknown Source)
	at org.springframework.security.authentication.ProviderManager.authenticate(ProviderManager.java:201)
	at java.base/jdk.internal.reflect.DirectMethodHandleAccessor.invoke(DirectMethodHandleAccessor.java:103)
	at java.base/java.lang.reflect.Method.invoke(Method.java:580)
	at org.springframework.aop.support.AopUtils.invokeJoinpointUsingReflection(AopUtils.java:355)
	at org.springframework.aop.framework.JdkDynamicAopProxy.invoke(JdkDynamicAopProxy.java:216)
	at jdk.proxy2/jdk.proxy2.$Proxy188.authenticate(Unknown Source)
	at org.springframework.security.authentication.ProviderManager.authenticate(ProviderManager.java:201)
	at java.base/jdk.internal.reflect.DirectMethodHandleAccessor.invoke(DirectMethodHandleAccessor.java:103)
	at java.base/java.lang.reflect.Method.invoke(Method.java:580)
	at org.springframework.aop.support.AopUtils.invokeJoinpointUsingReflection(AopUtils.java:355)
	at org.springframework.aop.framework.JdkDynamicAopProxy.invoke(JdkDynamicAopProxy.java:216)
	at jdk.proxy2/jdk.proxy2.$Proxy188.authenticate(Unknown Source)
	at org.springframework.security.authentication.ProviderManager.authenticate(ProviderManager.java:201)
	at java.base/jdk.internal.reflect.DirectMethodHandleAccessor.invoke(DirectMethodHandleAccessor.java:103)
	at java.base/java.lang.reflect.Method.invoke(Method.java:580)
	at org.springframework.aop.support.AopUtils.invokeJoinpointUsingReflection(AopUtils.java:355)
	at org.springframework.aop.framework.JdkDynamicAopProxy.invoke(JdkDynamicAopProxy.java:216)
	at jdk.proxy2/jdk.proxy2.$Proxy188.authenticate(Unknown Source)
	at org.springframework.security.authentication.ProviderManager.authenticate(ProviderManager.java:201)
	at java.base/jdk.internal.reflect.DirectMethodHandleAccessor.invoke(DirectMethodHandleAccessor.java:103)
	at java.base/java.lang.reflect.Method.invoke(Method.java:580)
	at org.springframework.aop.support.AopUtils.invokeJoinpointUsingReflection(AopUtils.java:355)
	at org.springframework.aop.framework.JdkDynamicAopProxy.invoke(JdkDynamicAopProxy.java:216)
	at jdk.proxy2/jdk.proxy2.$Proxy188.authenticate(Unknown Source)
	at org.springframework.security.authentication.ProviderManager.authenticate(ProviderManager.java:201)
	at java.base/jdk.internal.reflect.DirectMethodHandleAccessor.invoke(DirectMethodHandleAccessor.java:103)
	at java.base/java.lang.reflect.Method.invoke(Method.java:580)
	at org.springframework.aop.support.AopUtils.invokeJoinpointUsingReflection(AopUtils.java:355)
	at org.springframework.aop.framework.JdkDynamicAopProxy.invoke(JdkDynamicAopProxy.java:216)
	at jdk.proxy2/jdk.proxy2.$Proxy188.authenticate(Unknown Source)
	at org.springframework.security.authentication.ProviderManager.authenticate(ProviderManager.java:201)
	at java.base/jdk.internal.reflect.DirectMethodHandleAccessor.invoke(DirectMethodHandleAccessor.java:103)
	at java.base/java.lang.reflect.Method.invoke(Method.java:580)
	at org.springframework.aop.support.AopUtils.invokeJoinpointUsingReflection(AopUtils.java:355)
	at org.springframework.aop.framework.JdkDynamicAopProxy.invoke(JdkDynamicAopProxy.java:216)
	at jdk.proxy2/jdk.proxy2.$Proxy188.authenticate(Unknown Source)
	at org.springframework.security.authentication.ProviderManager.authenticate(ProviderManager.java:201)
	at java.base/jdk.internal.reflect.DirectMethodHandleAccessor.invoke(DirectMethodHandleAccessor.java:103)
	at java.base/java.lang.reflect.Method.invoke(Method.java:580)
	at org.springframework.aop.support.AopUtils.invokeJoinpointUsingReflection(AopUtils.java:355)
	at org.springframework.aop.framework.JdkDynamicAopProxy.invoke(JdkDynamicAopProxy.java:216)
	at jdk.proxy2/jdk.proxy2.$Proxy188.authenticate(Unknown Source)
	at org.springframework.security.authentication.ProviderManager.authenticate(ProviderManager.java:201)
	at java.base/jdk.internal.reflect.DirectMethodHandleAccessor.invoke(DirectMethodHandleAccessor.java:103)
	at java.base/java.lang.reflect.Method.invoke(Method.java:580)
	at org.springframework.aop.support.AopUtils.invokeJoinpointUsingReflection(AopUtils.java:355)
	at org.springframework.aop.framework.JdkDynamicAopProxy.invoke(JdkDynamicAopProxy.java:216)
	at jdk.proxy2/jdk.proxy2.$Proxy188.authenticate(Unknown Source)
	at org.springframework.security.authentication.ProviderManager.authenticate(ProviderManager.java:201)
	at java.base/jdk.internal.reflect.DirectMethodHandleAccessor.invoke(DirectMethodHandleAccessor.java:103)
	at java.base/java.lang.reflect.Method.invoke(Method.java:580)
	at org.springframework.aop.support.AopUtils.invokeJoinpointUsingReflection(AopUtils.java:355)
	at org.springframework.aop.framework.JdkDynamicAopProxy.invoke(JdkDynamicAopProxy.java:216)
	at jdk.proxy2/jdk.proxy2.$Proxy188.authenticate(Unknown Source)
	at org.springframework.security.authentication.ProviderManager.authenticate(ProviderManager.java:201)
	at java.base/jdk.internal.reflect.DirectMethodHandleAccessor.invoke(DirectMethodHandleAccessor.java:103)
	at java.base/java.lang.reflect.Method.invoke(Method.java:580)
	at org.springframework.aop.support.AopUtils.invokeJoinpointUsingReflection(AopUtils.java:355)
	at org.springframework.aop.framework.JdkDynamicAopProxy.invoke(JdkDynamicAopProxy.java:216)
	at jdk.proxy2/jdk.proxy2.$Proxy188.authenticate(Unknown Source)
	at org.springframework.security.authentication.ProviderManager.authenticate(ProviderManager.java:201)
	at java.base/jdk.internal.reflect.DirectMethodHandleAccessor.invoke(DirectMethodHandleAccessor.java:103)
	at java.base/java.lang.reflect.Method.invoke(Method.java:580)
	at org.springframework.aop.support.AopUtils.invokeJoinpointUsingReflection(AopUtils.java:355)
	at org.springframework.aop.framework.JdkDynamicAopProxy.invoke(JdkDynamicAopProxy.java:216)
	at jdk.proxy2/jdk.proxy2.$Proxy188.authenticate(Unknown Source)
	at org.springframework.security.authentication.ProviderManager.authenticate(ProviderManager.java:201)
	at java.base/jdk.internal.reflect.DirectMethodHandleAccessor.invoke(DirectMethodHandleAccessor.java:103)
	at java.base/java.lang.reflect.Method.invoke(Method.java:580)
	at org.springframework.aop.support.AopUtils.invokeJoinpointUsingReflection(AopUtils.java:355)
	at org.springframework.aop.framework.JdkDynamicAopProxy.invoke(JdkDynamicAopProxy.java:216)
	at jdk.proxy2/jdk.proxy2.$Proxy188.authenticate(Unknown Source)
	at org.springframework.security.authentication.ProviderManager.authenticate(ProviderManager.java:201)
	at java.base/jdk.internal.reflect.DirectMethodHandleAccessor.invoke(DirectMethodHandleAccessor.java:103)
	at java.base/java.lang.reflect.Method.invoke(Method.java:580)
	at org.springframework.aop.support.AopUtils.invokeJoinpointUsingReflection(AopUtils.java:355)
	at org.springframework.aop.framework.JdkDynamicAopProxy.invoke(JdkDynamicAopProxy.java:216)
	at jdk.proxy2/jdk.proxy2.$Proxy188.authenticate(Unknown Source)
	at org.springframework.security.authentication.ProviderManager.authenticate(ProviderManager.java:201)
	at java.base/jdk.internal.reflect.DirectMethodHandleAccessor.invoke(DirectMethodHandleAccessor.java:103)
	at java.base/java.lang.reflect.Method.invoke(Method.java:580)
	at org.springframework.aop.support.AopUtils.invokeJoinpointUsingReflection(AopUtils.java:355)
	at org.springframework.aop.framework.JdkDynamicAopProxy.invoke(JdkDynamicAopProxy.java:216)
	at jdk.proxy2/jdk.proxy2.$Proxy188.authenticate(Unknown Source)
	at org.springframework.security.authentication.ProviderManager.authenticate(ProviderManager.java:201)
	at java.base/jdk.internal.reflect.DirectMethodHandleAccessor.invoke(DirectMethodHandleAccessor.java:103)
	at java.base/java.lang.reflect.Method.invoke(Method.java:580)
	at org.springframework.aop.support.AopUtils.invokeJoinpointUsingReflection(AopUtils.java:355)
	at org.springframework.aop.framework.JdkDynamicAopProxy.invoke(JdkDynamicAopProxy.java:216)
	at jdk.proxy2/jdk.proxy2.$Proxy188.authenticate(Unknown Source)
	at org.springframework.security.authentication.ProviderManager.authenticate(ProviderManager.java:201)
	at java.base/jdk.internal.reflect.DirectMethodHandleAccessor.invoke(DirectMethodHandleAccessor.java:103)
	at java.base/java.lang.reflect.Method.invoke(Method.java:580)
	at org.springframework.aop.support.AopUtils.invokeJoinpointUsingReflection(AopUtils.java:355)
	at org.springframework.aop.framework.JdkDynamicAopProxy.invoke(JdkDynamicAopProxy.java:216)
	at jdk.proxy2/jdk.proxy2.$Proxy188.authenticate(Unknown Source)
	at org.springframework.security.authentication.ProviderManager.authenticate(ProviderManager.java:201)
	at java.base/jdk.internal.reflect.DirectMethodHandleAccessor.invoke(DirectMethodHandleAccessor.java:103)
	at java.base/java.lang.reflect.Method.invoke(Method.java:580)
	at org.springframework.aop.support.AopUtils.invokeJoinpointUsingReflection(AopUtils.java:355)
	at org.springframework.aop.framework.JdkDynamicAopProxy.invoke(JdkDynamicAopProxy.java:216)
	at jdk.proxy2/jdk.proxy2.$Proxy188.authenticate(Unknown Source)
	at org.springframework.security.authentication.ProviderManager.authenticate(ProviderManager.java:201)
	at java.base/jdk.internal.reflect.DirectMethodHandleAccessor.invoke(DirectMethodHandleAccessor.java:103)
	at java.base/java.lang.reflect.Method.invoke(Method.java:580)
	at org.springframework.aop.support.AopUtils.invokeJoinpointUsingReflection(AopUtils.java:355)
	at org.springframework.aop.framework.JdkDynamicAopProxy.invoke(JdkDynamicAopProxy.java:216)
	at jdk.proxy2/jdk.proxy2.$Proxy188.authenticate(Unknown Source)
	at org.springframework.security.authentication.ProviderManager.authenticate(ProviderManager.java:201)
	at java.base/jdk.internal.reflect.DirectMethodHandleAccessor.invoke(DirectMethodHandleAccessor.java:103)
	at java.base/java.lang.reflect.Method.invoke(Method.java:580)
	at org.springframework.aop.support.AopUtils.invokeJoinpointUsingReflection(AopUtils.java:355)
	at org.springframework.aop.framework.JdkDynamicAopProxy.invoke(JdkDynamicAopProxy.java:216)
	at jdk.proxy2/jdk.proxy2.$Proxy188.authenticate(Unknown Source)
	at org.springframework.security.authentication.ProviderManager.authenticate(ProviderManager.java:201)
	at java.base/jdk.internal.reflect.DirectMethodHandleAccessor.invoke(DirectMethodHandleAccessor.java:103)
	at java.base/java.lang.reflect.Method.invoke(Method.java:580)
	at org.springframework.aop.support.AopUtils.invokeJoinpointUsingReflection(AopUtils.java:355)
	at org.springframework.aop.framework.JdkDynamicAopProxy.invoke(JdkDynamicAopProxy.java:216)
	at jdk.proxy2/jdk.proxy2.$Proxy188.authenticate(Unknown Source)
	at org.springframework.security.authentication.ProviderManager.authenticate(ProviderManager.java:201)
	at java.base/jdk.internal.reflect.DirectMethodHandleAccessor.invoke(DirectMethodHandleAccessor.java:103)
	at java.base/java.lang.reflect.Method.invoke(Method.java:580)
	at org.springframework.aop.support.AopUtils.invokeJoinpointUsingReflection(AopUtils.java:355)
	at org.springframework.aop.framework.JdkDynamicAopProxy.invoke(JdkDynamicAopProxy.java:216)
	at jdk.proxy2/jdk.proxy2.$Proxy188.authenticate(Unknown Source)
	at org.springframework.security.authentication.ProviderManager.authenticate(ProviderManager.java:201)
	at java.base/jdk.internal.reflect.DirectMethodHandleAccessor.invoke(DirectMethodHandleAccessor.java:103)
	at java.base/java.lang.reflect.Method.invoke(Method.java:580)
	at org.springframework.aop.support.AopUtils.invokeJoinpointUsingReflection(AopUtils.java:355)
	at org.springframework.aop.framework.JdkDynamicAopProxy.invoke(JdkDynamicAopProxy.java:216)
	at jdk.proxy2/jdk.proxy2.$Proxy188.authenticate(Unknown Source)
	at org.springframework.security.authentication.ProviderManager.authenticate(ProviderManager.java:201)
	at java.base/jdk.internal.reflect.DirectMethodHandleAccessor.invoke(DirectMethodHandleAccessor.java:103)
	at java.base/java.lang.reflect.Method.invoke(Method.java:580)
	at org.springframework.aop.support.AopUtils.invokeJoinpointUsingReflection(AopUtils.java:355)
	at org.springframework.aop.framework.JdkDynamicAopProxy.invoke(JdkDynamicAopProxy.java:216)
	at jdk.proxy2/jdk.proxy2.$Proxy188.authenticate(Unknown Source)
	at org.springframework.security.authentication.ProviderManager.authenticate(ProviderManager.java:201)
	at java.base/jdk.internal.reflect.DirectMethodHandleAccessor.invoke(DirectMethodHandleAccessor.java:103)
	at java.base/java.lang.reflect.Method.invoke(Method.java:580)
	at org.springframework.aop.support.AopUtils.invokeJoinpointUsingReflection(AopUtils.java:355)
	at org.springframework.aop.framework.JdkDynamicAopProxy.invoke(JdkDynamicAopProxy.java:216)
	at jdk.proxy2/jdk.proxy2.$Proxy188.authenticate(Unknown Source)
	at org.springframework.security.authentication.ProviderManager.authenticate(ProviderManager.java:201)
	at java.base/jdk.internal.reflect.DirectMethodHandleAccessor.invoke(DirectMethodHandleAccessor.java:103)
	at java.base/java.lang.reflect.Method.invoke(Method.java:580)
	at org.springframework.aop.support.AopUtils.invokeJoinpointUsingReflection(AopUtils.java:355)
	at org.springframework.aop.framework.JdkDynamicAopProxy.invoke(JdkDynamicAopProxy.java:216)
	at jdk.proxy2/jdk.proxy2.$Proxy188.authenticate(Unknown Source)
	at org.springframework.security.authentication.ProviderManager.authenticate(ProviderManager.java:201)
	at java.base/jdk.internal.reflect.DirectMethodHandleAccessor.invoke(DirectMethodHandleAccessor.java:103)
	at java.base/java.lang.reflect.Method.invoke(Method.java:580)
	at org.springframework.aop.support.AopUtils.invokeJoinpointUsingReflection(AopUtils.java:355)
	at org.springframework.aop.framework.JdkDynamicAopProxy.invoke(JdkDynamicAopProxy.java:216)
	at jdk.proxy2/jdk.proxy2.$Proxy188.authenticate(Unknown Source)
	at org.springframework.security.authentication.ProviderManager.authenticate(ProviderManager.java:201)
	at java.base/jdk.internal.reflect.DirectMethodHandleAccessor.invoke(DirectMethodHandleAccessor.java:103)
	at java.base/java.lang.reflect.Method.invoke(Method.java:580)
	at org.springframework.aop.support.AopUtils.invokeJoinpointUsingReflection(AopUtils.java:355)
	at org.springframework.aop.framework.JdkDynamicAopProxy.invoke(JdkDynamicAopProxy.java:216)
	at jdk.proxy2/jdk.proxy2.$Proxy188.authenticate(Unknown Source)
	at org.springframework.security.authentication.ProviderManager.authenticate(ProviderManager.java:201)
	at java.base/jdk.internal.reflect.DirectMethodHandleAccessor.invoke(DirectMethodHandleAccessor.java:103)
	at java.base/java.lang.reflect.Method.invoke(Method.java:580)
	at org.springframework.aop.support.AopUtils.invokeJoinpointUsingReflection(AopUtils.java:355)
	at org.springframework.aop.framework.JdkDynamicAopProxy.invoke(JdkDynamicAopProxy.java:216)
	at jdk.proxy2/jdk.proxy2.$Proxy188.authenticate(Unknown Source)
	at org.springframework.security.authentication.ProviderManager.authenticate(ProviderManager.java:201)
	at java.base/jdk.internal.reflect.DirectMethodHandleAccessor.invoke(DirectMethodHandleAccessor.java:103)
	at java.base/java.lang.reflect.Method.invoke(Method.java:580)
	at org.springframework.aop.support.AopUtils.invokeJoinpointUsingReflection(AopUtils.java:355)
	at org.springframework.aop.framework.JdkDynamicAopProxy.invoke(JdkDynamicAopProxy.java:216)
	at jdk.proxy2/jdk.proxy2.$Proxy188.authenticate(Unknown Source)
	at org.springframework.security.authentication.ProviderManager.authenticate(ProviderManager.java:201)
	at java.base/jdk.internal.reflect.DirectMethodHandleAccessor.invoke(DirectMethodHandleAccessor.java:103)
	at java.base/java.lang.reflect.Method.invoke(Method.java:580)
	at org.springframework.aop.support.AopUtils.invokeJoinpointUsingReflection(AopUtils.java:355)
	at org.springframework.aop.framework.JdkDynamicAopProxy.invoke(JdkDynamicAopProxy.java:216)
	at jdk.proxy2/jdk.proxy2.$Proxy188.authenticate(Unknown Source)
	at org.springframework.security.authentication.ProviderManager.authenticate(ProviderManager.java:201)
	at java.base/jdk.internal.reflect.DirectMethodHandleAccessor.invoke(DirectMethodHandleAccessor.java:103)
	at java.base/java.lang.reflect.Method.invoke(Method.java:580)
	at org.springframework.aop.support.AopUtils.invokeJoinpointUsingReflection(AopUtils.java:355)
	at org.springframework.aop.framework.JdkDynamicAopProxy.invoke(JdkDynamicAopProxy.java:216)
	at jdk.proxy2/jdk.proxy2.$Proxy188.authenticate(Unknown Source)
	at org.springframework.security.authentication.ProviderManager.authenticate(ProviderManager.java:201)
	at java.base/jdk.internal.reflect.DirectMethodHandleAccessor.invoke(DirectMethodHandleAccessor.java:103)
	at java.base/java.lang.reflect.Method.invoke(Method.java:580)
	at org.springframework.aop.support.AopUtils.invokeJoinpointUsingReflection(AopUtils.java:355)
	at org.springframework.aop.framework.JdkDynamicAopProxy.invoke(JdkDynamicAopProxy.java:216)
	at jdk.proxy2/jdk.proxy2.$Proxy188.authenticate(Unknown Source)
	at org.springframework.security.authentication.ProviderManager.authenticate(ProviderManager.java:201)
	at java.base/jdk.internal.reflect.DirectMethodHandleAccessor.invoke(DirectMethodHandleAccessor.java:103)
	at java.base/java.lang.reflect.Method.invoke(Method.java:580)
	at org.springframework.aop.support.AopUtils.invokeJoinpointUsingReflection(AopUtils.java:355)
	at org.springframework.aop.framework.JdkDynamicAopProxy.invoke(JdkDynamicAopProxy.java:216)
	at jdk.proxy2/jdk.proxy2.$Proxy188.authenticate(Unknown Source)
	at org.springframework.security.authentication.ProviderManager.authenticate(ProviderManager.java:201)
	at java.base/jdk.internal.reflect.DirectMethodHandleAccessor.invoke(DirectMethodHandleAccessor.java:103)
	at java.base/java.lang.reflect.Method.invoke(Method.java:580)
	at org.springframework.aop.support.AopUtils.invokeJoinpointUsingReflection(AopUtils.java:355)
	at org.springframework.aop.framework.JdkDynamicAopProxy.invoke(JdkDynamicAopProxy.java:216)
	at jdk.proxy2/jdk.proxy2.$Proxy188.authenticate(Unknown Source)
	at org.springframework.security.authentication.ProviderManager.authenticate(ProviderManager.java:201)
	at java.base/jdk.internal.reflect.DirectMethodHandleAccessor.invoke(DirectMethodHandleAccessor.java:103)
	at java.base/java.lang.reflect.Method.invoke(Method.java:580)
	at org.springframework.aop.support.AopUtils.invokeJoinpointUsingReflection(AopUtils.java:355)
	at org.springframework.aop.framework.JdkDynamicAopProxy.invoke(JdkDynamicAopProxy.java:216)
	at jdk.proxy2/jdk.proxy2.$Proxy188.authenticate(Unknown Source)
	at org.springframework.security.authentication.ProviderManager.authenticate(ProviderManager.java:201)
	at java.base/jdk.internal.reflect.DirectMethodHandleAccessor.invoke(DirectMethodHandleAccessor.java:103)
	at java.base/java.lang.reflect.Method.invoke(Method.java:580)
	at org.springframework.aop.support.AopUtils.invokeJoinpointUsingReflection(AopUtils.java:355)
	at org.springframework.aop.framework.JdkDynamicAopProxy.invoke(JdkDynamicAopProxy.java:216)
	at jdk.proxy2/jdk.proxy2.$Proxy188.authenticate(Unknown Source)
	at org.springframework.security.authentication.ProviderManager.authenticate(ProviderManager.java:201)
	at java.base/jdk.internal.reflect.DirectMethodHandleAccessor.invoke(DirectMethodHandleAccessor.java:103)
	at java.base/java.lang.reflect.Method.invoke(Method.java:580)
	at org.springframework.aop.support.AopUtils.invokeJoinpointUsingReflection(AopUtils.java:355)
	at org.springframework.aop.framework.JdkDynamicAopProxy.invoke(JdkDynamicAopProxy.java:216)
	at jdk.proxy2/jdk.proxy2.$Proxy188.authenticate(Unknown Source)
	at org.springframework.security.authentication.ProviderManager.authenticate(ProviderManager.java:201)
	at java.base/jdk.internal.reflect.DirectMethodHandleAccessor.invoke(DirectMethodHandleAccessor.java:103)
	at java.base/java.lang.reflect.Method.invoke(Method.java:580)
	at org.springframework.aop.support.AopUtils.invokeJoinpointUsingReflection(AopUtils.java:355)
	at org.springframework.aop.framework.JdkDynamicAopProxy.invoke(JdkDynamicAopProxy.java:216)
	at jdk.proxy2/jdk.proxy2.$Proxy188.authenticate(Unknown Source)
	at org.springframework.security.authentication.ProviderManager.authenticate(ProviderManager.java:201)
	at java.base/jdk.internal.reflect.DirectMethodHandleAccessor.invoke(DirectMethodHandleAccessor.java:103)
	at java.base/java.lang.reflect.Method.invoke(Method.java:580)
	at org.springframework.aop.support.AopUtils.invokeJoinpointUsingReflection(AopUtils.java:355)
	at org.springframework.aop.framework.JdkDynamicAopProxy.invoke(JdkDynamicAopProxy.java:216)
	at jdk.proxy2/jdk.proxy2.$Proxy188.authenticate(Unknown Source)
	at org.springframework.security.authentication.ProviderManager.authenticate(ProviderManager.java:201)
	at java.base/jdk.internal.reflect.DirectMethodHandleAccessor.invoke(DirectMethodHandleAccessor.java:103)
	at java.base/java.lang.reflect.Method.invoke(Method.java:580)
	at org.springframework.aop.support.AopUtils.invokeJoinpointUsingReflection(AopUtils.java:355)
	at org.springframework.aop.framework.JdkDynamicAopProxy.invoke(JdkDynamicAopProxy.java:216)
	at jdk.proxy2/jdk.proxy2.$Proxy188.authenticate(Unknown Source)
	at org.springframework.security.authentication.ProviderManager.authenticate(ProviderManager.java:201)
	at java.base/jdk.internal.reflect.DirectMethodHandleAccessor.invoke(DirectMethodHandleAccessor.java:103)
	at java.base/java.lang.reflect.Method.invoke(Method.java:580)
	at org.springframework.aop.support.AopUtils.invokeJoinpointUsingReflection(AopUtils.java:355)
	at org.springframework.aop.framework.JdkDynamicAopProxy.invoke(JdkDynamicAopProxy.java:216)
	at jdk.proxy2/jdk.proxy2.$Proxy188.authenticate(Unknown Source)
	at org.springframework.security.authentication.ProviderManager.authenticate(ProviderManager.java:201)
	at java.base/jdk.internal.reflect.DirectMethodHandleAccessor.invoke(DirectMethodHandleAccessor.java:103)
	at java.base/java.lang.reflect.Method.invoke(Method.java:580)
	at org.springframework.aop.support.AopUtils.invokeJoinpointUsingReflection(AopUtils.java:355)
	at org.springframework.aop.framework.JdkDynamicAopProxy.invoke(JdkDynamicAopProxy.java:216)
	at jdk.proxy2/jdk.proxy2.$Proxy188.authenticate(Unknown Source)
	at org.springframework.security.authentication.ProviderManager.authenticate(ProviderManager.java:201)
	at java.base/jdk.internal.reflect.DirectMethodHandleAccessor.invoke(DirectMethodHandleAccessor.java:103)
	at java.base/java.lang.reflect.Method.invoke(Method.java:580)
	at org.springframework.aop.support.AopUtils.invokeJoinpointUsingReflection(AopUtils.java:355)
	at org.springframework.aop.framework.JdkDynamicAopProxy.invoke(JdkDynamicAopProxy.java:216)
	at jdk.proxy2/jdk.proxy2.$Proxy188.authenticate(Unknown Source)
	at org.springframework.security.authentication.ProviderManager.authenticate(ProviderManager.java:201)
	at java.base/jdk.internal.reflect.DirectMethodHandleAccessor.invoke(DirectMethodHandleAccessor.java:103)
	at java.base/java.lang.reflect.Method.invoke(Method.java:580)
	at org.springframework.aop.support.AopUtils.invokeJoinpointUsingReflection(AopUtils.java:355)
	at org.springframework.aop.framework.JdkDynamicAopProxy.invoke(JdkDynamicAopProxy.java:216)
	at jdk.proxy2/jdk.proxy2.$Proxy188.authenticate(Unknown Source)
	at org.springframework.security.authentication.ProviderManager.authenticate(ProviderManager.java:201)
	at java.base/jdk.internal.reflect.DirectMethodHandleAccessor.invoke(DirectMethodHandleAccessor.java:103)
	at java.base/java.lang.reflect.Method.invoke(Method.java:580)
	at org.springframework.aop.support.AopUtils.invokeJoinpointUsingReflection(AopUtils.java:355)
	at org.springframework.aop.framework.JdkDynamicAopProxy.invoke(JdkDynamicAopProxy.java:216)
	at jdk.proxy2/jdk.proxy2.$Proxy188.authenticate(Unknown Source)
	at org.springframework.security.authentication.ProviderManager.authenticate(ProviderManager.java:201)
	at java.base/jdk.internal.reflect.DirectMethodHandleAccessor.invoke(DirectMethodHandleAccessor.java:103)
	at java.base/java.lang.reflect.Method.invoke(Method.java:580)
	at org.springframework.aop.support.AopUtils.invokeJoinpointUsingReflection(AopUtils.java:355)
	at org.springframework.aop.framework.JdkDynamicAopProxy.invoke(JdkDynamicAopProxy.java:216)
	at jdk.proxy2/jdk.proxy2.$Proxy188.authenticate(Unknown Source)
	at org.springframework.security.authentication.ProviderManager.authenticate(ProviderManager.java:201)
	at java.base/jdk.internal.reflect.DirectMethodHandleAccessor.invoke(DirectMethodHandleAccessor.java:103)
	at java.base/java.lang.reflect.Method.invoke(Method.java:580)
	at org.springframework.aop.support.AopUtils.invokeJoinpointUsingReflection(AopUtils.java:355)
	at org.springframework.aop.framework.JdkDynamicAopProxy.invoke(JdkDynamicAopProxy.java:216)
	at jdk.proxy2/jdk.proxy2.$Proxy188.authenticate(Unknown Source)
	at org.springframework.security.authentication.ProviderManager.authenticate(ProviderManager.java:201)
	at java.base/jdk.internal.reflect.DirectMethodHandleAccessor.invoke(DirectMethodHandleAccessor.java:103)
	at java.base/java.lang.reflect.Method.invoke(Method.java:580)
	at org.springframework.aop.support.AopUtils.invokeJoinpointUsingReflection(AopUtils.java:355)
	at org.springframework.aop.framework.JdkDynamicAopProxy.invoke(JdkDynamicAopProxy.java:216)
	at jdk.proxy2/jdk.proxy2.$Proxy188.authenticate(Unknown Source)
	at org.springframework.security.authentication.ProviderManager.authenticate(ProviderManager.java:201)
	at java.base/jdk.internal.reflect.DirectMethodHandleAccessor.invoke(DirectMethodHandleAccessor.java:103)
	at java.base/java.lang.reflect.Method.invoke(Method.java:580)
	at org.springframework.aop.support.AopUtils.invokeJoinpointUsingReflection(AopUtils.java:355)
	at org.springframework.aop.framework.JdkDynamicAopProxy.invoke(JdkDynamicAopProxy.java:216)
	at jdk.proxy2/jdk.proxy2.$Proxy188.authenticate(Unknown Source)
	at org.springframework.security.authentication.ProviderManager.authenticate(ProviderManager.java:201)
	at java.base/jdk.internal.reflect.DirectMethodHandleAccessor.invoke(DirectMethodHandleAccessor.java:103)
	at java.base/java.lang.reflect.Method.invoke(Method.java:580)
	at org.springframework.aop.support.AopUtils.invokeJoinpointUsingReflection(AopUtils.java:355)
	at org.springframework.aop.framework.JdkDynamicAopProxy.invoke(JdkDynamicAopProxy.java:216)
	at jdk.proxy2/jdk.proxy2.$Proxy188.authenticate(Unknown Source)
	at org.springframework.security.authentication.ProviderManager.authenticate(ProviderManager.java:201)
	at java.base/jdk.internal.reflect.DirectMethodHandleAccessor.invoke(DirectMethodHandleAccessor.java:103)
	at java.base/java.lang.reflect.Method.invoke(Method.java:580)
	at org.springframework.aop.support.AopUtils.invokeJoinpointUsingReflection(AopUtils.java:355)
	at org.springframework.aop.framework.JdkDynamicAopProxy.invoke(JdkDynamicAopProxy.java:216)
	at jdk.proxy2/jdk.proxy2.$Proxy188.authenticate(Unknown Source)
	at org.springframework.security.authentication.ProviderManager.authenticate(ProviderManager.java:201)
	at java.base/jdk.internal.reflect.DirectMethodHandleAccessor.invoke(DirectMethodHandleAccessor.java:103)
	at java.base/java.lang.reflect.Method.invoke(Method.java:580)
	at org.springframework.aop.support.AopUtils.invokeJoinpointUsingReflection(AopUtils.java:355)
	at org.springframework.aop.framework.JdkDynamicAopProxy.invoke(JdkDynamicAopProxy.java:216)
	at jdk.proxy2/jdk.proxy2.$Proxy188.authenticate(Unknown Source)
	at org.springframework.security.authentication.ProviderManager.authenticate(ProviderManager.java:201)
	at java.base/jdk.internal.reflect.DirectMethodHandleAccessor.invoke(DirectMethodHandleAccessor.java:103)
	at java.base/java.lang.reflect.Method.invoke(Method.java:580)
	at org.springframework.aop.support.AopUtils.invokeJoinpointUsingReflection(AopUtils.java:355)
	at org.springframework.aop.framework.JdkDynamicAopProxy.invoke(JdkDynamicAopProxy.java:216)
	at jdk.proxy2/jdk.proxy2.$Proxy188.authenticate(Unknown Source)
	at org.springframework.security.authentication.ProviderManager.authenticate(ProviderManager.java:201)
	at java.base/jdk.internal.reflect.DirectMethodHandleAccessor.invoke(DirectMethodHandleAccessor.java:103)
	at java.base/java.lang.reflect.Method.invoke(Method.java:580)
	at org.springframework.aop.support.AopUtils.invokeJoinpointUsingReflection(AopUtils.java:355)
	at org.springframework.aop.framework.JdkDynamicAopProxy.invoke(JdkDynamicAopProxy.java:216)
	at jdk.proxy2/jdk.proxy2.$Proxy188.authenticate(Unknown Source)
	at org.springframework.security.authentication.ProviderManager.authenticate(ProviderManager.java:201)
	at java.base/jdk.internal.reflect.DirectMethodHandleAccessor.invoke(DirectMethodHandleAccessor.java:103)
	at java.base/java.lang.reflect.Method.invoke(Method.java:580)
	at org.springframework.aop.support.AopUtils.invokeJoinpointUsingReflection(AopUtils.java:355)
	at org.springframework.aop.framework.JdkDynamicAopProxy.invoke(JdkDynamicAopProxy.java:216)
	at jdk.proxy2/jdk.proxy2.$Proxy188.authenticate(Unknown Source)
	at org.springframework.security.authentication.ProviderManager.authenticate(ProviderManager.java:201)
	at java.base/jdk.internal.reflect.DirectMethodHandleAccessor.invoke(DirectMethodHandleAccessor.java:103)
	at java.base/java.lang.reflect.Method.invoke(Method.java:580)
	at org.springframework.aop.support.AopUtils.invokeJoinpointUsingReflection(AopUtils.java:355)
	at org.springframework.aop.framework.JdkDynamicAopProxy.invoke(JdkDynamicAopProxy.java:216)
	at jdk.proxy2/jdk.proxy2.$Proxy188.authenticate(Unknown Source)
	at org.springframework.security.authentication.ProviderManager.authenticate(ProviderManager.java:201)
	at java.base/jdk.internal.reflect.DirectMethodHandleAccessor.invoke(DirectMethodHandleAccessor.java:103)
	at java.base/java.lang.reflect.Method.invoke(Method.java:580)
	at org.springframework.aop.support.AopUtils.invokeJoinpointUsingReflection(AopUtils.java:355)
	at org.springframework.aop.framework.JdkDynamicAopProxy.invoke(JdkDynamicAopProxy.java:216)
	at jdk.proxy2/jdk.proxy2.$Proxy188.authenticate(Unknown Source)
	at org.springframework.security.authentication.ProviderManager.authenticate(ProviderManager.java:201)
	at java.base/jdk.internal.reflect.DirectMethodHandleAccessor.invoke(DirectMethodHandleAccessor.java:103)
	at java.base/java.lang.reflect.Method.invoke(Method.java:580)
	at org.springframework.aop.support.AopUtils.invokeJoinpointUsingReflection(AopUtils.java:355)
	at org.springframework.aop.framework.JdkDynamicAopProxy.invoke(JdkDynamicAopProxy.java:216)
	at jdk.proxy2/jdk.proxy2.$Proxy188.authenticate(Unknown Source)
	at org.springframework.security.authentication.ProviderManager.authenticate(ProviderManager.java:201)
	at java.base/jdk.internal.reflect.DirectMethodHandleAccessor.invoke(DirectMethodHandleAccessor.java:103)
	at java.base/java.lang.reflect.Method.invoke(Method.java:580)
	at org.springframework.aop.support.AopUtils.invokeJoinpointUsingReflection(AopUtils.java:355)
	at org.springframework.aop.framework.JdkDynamicAopProxy.invoke(JdkDynamicAopProxy.java:216)
	at jdk.proxy2/jdk.proxy2.$Proxy188.authenticate(Unknown Source)
	at org.springframework.security.authentication.ProviderManager.authenticate(ProviderManager.java:201)
	at java.base/jdk.internal.reflect.DirectMethodHandleAccessor.invoke(DirectMethodHandleAccessor.java:103)
	at java.base/java.lang.reflect.Method.invoke(Method.java:580)
	at org.springframework.aop.support.AopUtils.invokeJoinpointUsingReflection(AopUtils.java:355)
	at org.springframework.aop.framework.JdkDynamicAopProxy.invoke(JdkDynamicAopProxy.java:216)
	at jdk.proxy2/jdk.proxy2.$Proxy188.authenticate(Unknown Source)
	at org.springframework.security.authentication.ProviderManager.authenticate(ProviderManager.java:201)
	at java.base/jdk.internal.reflect.DirectMethodHandleAccessor.invoke(DirectMethodHandleAccessor.java:103)
	at java.base/java.lang.reflect.Method.invoke(Method.java:580)
	at org.springframework.aop.support.AopUtils.invokeJoinpointUsingReflection(AopUtils.java:355)
	at org.springframework.aop.framework.JdkDynamicAopProxy.invoke(JdkDynamicAopProxy.java:216)
	at jdk.proxy2/jdk.proxy2.$Proxy188.authenticate(Unknown Source)
	at org.springframework.security.authentication.ProviderManager.authenticate(ProviderManager.java:201)
	at java.base/jdk.internal.reflect.DirectMethodHandleAccessor.invoke(DirectMethodHandleAccessor.java:103)
	at java.base/java.lang.reflect.Method.invoke(Method.java:580)
	at org.springframework.aop.support.AopUtils.invokeJoinpointUsingReflection(AopUtils.java:355)
	at org.springframework.aop.framework.JdkDynamicAopProxy.invoke(JdkDynamicAopProxy.java:216)
	at jdk.proxy2/jdk.proxy2.$Proxy188.authenticate(Unknown Source)
	at org.springframework.security.authentication.ProviderManager.authenticate(ProviderManager.java:201)
	at java.base/jdk.internal.reflect.DirectMethodHandleAccessor.invoke(DirectMethodHandleAccessor.java:103)
	at java.base/java.lang.reflect.Method.invoke(Method.java:580)
	at org.springframework.aop.support.AopUtils.invokeJoinpointUsingReflection(AopUtils.java:355)
	at org.springframework.aop.framework.JdkDynamicAopProxy.invoke(JdkDynamicAopProxy.java:216)
	at jdk.proxy2/jdk.proxy2.$Proxy188.authenticate(Unknown Source)
	at org.springframework.security.authentication.ProviderManager.authenticate(ProviderManager.java:201)
	at java.base/jdk.internal.reflect.DirectMethodHandleAccessor.invoke(DirectMethodHandleAccessor.java:103)
	at java.base/java.lang.reflect.Method.invoke(Method.java:580)
	at org.springframework.aop.support.AopUtils.invokeJoinpointUsingReflection(AopUtils.java:355)
	at org.springframework.aop.framework.JdkDynamicAopProxy.invoke(JdkDynamicAopProxy.java:216)
	at jdk.proxy2/jdk.proxy2.$Proxy188.authenticate(Unknown Source)
	at org.springframework.security.authentication.ProviderManager.authenticate(ProviderManager.java:201)
	at java.base/jdk.internal.reflect.DirectMethodHandleAccessor.invoke(DirectMethodHandleAccessor.java:103)
	at java.base/java.lang.reflect.Method.invoke(Method.java:580)
	at org.springframework.aop.support.AopUtils.invokeJoinpointUsingReflection(AopUtils.java:355)
	at org.springframework.aop.framework.JdkDynamicAopProxy.invoke(JdkDynamicAopProxy.java:216)
	at jdk.proxy2/jdk.proxy2.$Proxy188.authenticate(Unknown Source)
	at org.springframework.security.authentication.ProviderManager.authenticate(ProviderManager.java:201)
	at java.base/jdk.internal.reflect.DirectMethodHandleAccessor.invoke(DirectMethodHandleAccessor.java:103)
	at java.base/java.lang.reflect.Method.invoke(Method.java:580)
	at org.springframework.aop.support.AopUtils.invokeJoinpointUsingReflection(AopUtils.java:355)
	at org.springframework.aop.framework.JdkDynamicAopProxy.invoke(JdkDynamicAopProxy.java:216)
	at jdk.proxy2/jdk.proxy2.$Proxy188.authenticate(Unknown Source)
	at org.springframework.security.authentication.ProviderManager.authenticate(ProviderManager.java:201)
	at java.base/jdk.internal.reflect.DirectMethodHandleAccessor.invoke(DirectMethodHandleAccessor.java:103)
	at java.base/java.lang.reflect.Method.invoke(Method.java:580)
	at org.springframework.aop.support.AopUtils.invokeJoinpointUsingReflection(AopUtils.java:355)
	at org.springframework.aop.framework.JdkDynamicAopProxy.invoke(JdkDynamicAopProxy.java:216)
	at jdk.proxy2/jdk.proxy2.$Proxy188.authenticate(Unknown Source)
	at org.springframework.security.authentication.ProviderManager.authenticate(ProviderManager.java:201)
	at java.base/jdk.internal.reflect.DirectMethodHandleAccessor.invoke(DirectMethodHandleAccessor.java:103)
	at java.base/java.lang.reflect.Method.invoke(Method.java:580)
	at org.springframework.aop.support.AopUtils.invokeJoinpointUsingReflection(AopUtils.java:355)
	at org.springframework.aop.framework.JdkDynamicAopProxy.invoke(JdkDynamicAopProxy.java:216)
	at jdk.proxy2/jdk.proxy2.$Proxy188.authenticate(Unknown Source)
	at org.springframework.security.authentication.ProviderManager.authenticate(ProviderManager.java:201)
	at java.base/jdk.internal.reflect.DirectMethodHandleAccessor.invoke(DirectMethodHandleAccessor.java:103)
	at java.base/java.lang.reflect.Method.invoke(Method.java:580)
	at org.springframework.aop.support.AopUtils.invokeJoinpointUsingReflection(AopUtils.java:355)
	at org.springframework.aop.framework.JdkDynamicAopProxy.invoke(JdkDynamicAopProxy.java:216)
	at jdk.proxy2/jdk.proxy2.$Proxy188.authenticate(Unknown Source)
	at org.springframework.security.authentication.ProviderManager.authenticate(ProviderManager.java:201)
	at java.base/jdk.internal.reflect.DirectMethodHandleAccessor.invoke(DirectMethodHandleAccessor.java:103)
	at java.base/java.lang.reflect.Method.invoke(Method.java:580)
	at org.springframework.aop.support.AopUtils.invokeJoinpointUsingReflection(AopUtils.java:355)
	at org.springframework.aop.framework.JdkDynamicAopProxy.invoke(JdkDynamicAopProxy.java:216)
	at jdk.proxy2/jdk.proxy2.$Proxy188.authenticate(Unknown Source)
	at org.springframework.security.authentication.ProviderManager.authenticate(ProviderManager.java:201)
	at java.base/jdk.internal.reflect.DirectMethodHandleAccessor.invoke(DirectMethodHandleAccessor.java:103)
	at java.base/java.lang.reflect.Method.invoke(Method.java:580)
	at org.springframework.aop.support.AopUtils.invokeJoinpointUsingReflection(AopUtils.java:355)
	at org.springframework.aop.framework.JdkDynamicAopProxy.invoke(JdkDynamicAopProxy.java:216)
	at jdk.proxy2/jdk.proxy2.$Proxy188.authenticate(Unknown Source)
	at org.springframework.security.authentication.ProviderManager.authenticate(ProviderManager.java:201)
	at java.base/jdk.internal.reflect.DirectMethodHandleAccessor.invoke(DirectMethodHandleAccessor.java:103)
	at java.base/java.lang.reflect.Method.invoke(Method.java:580)
	at org.springframework.aop.support.AopUtils.invokeJoinpointUsingReflection(AopUtils.java:355)
	at org.springframework.aop.framework.JdkDynamicAopProxy.invoke(JdkDynamicAopProxy.java:216)
	at jdk.proxy2/jdk.proxy2.$Proxy188.authenticate(Unknown Source)
	at org.springframework.security.authentication.ProviderManager.authenticate(ProviderManager.java:201)
	at java.base/jdk.internal.reflect.DirectMethodHandleAccessor.invoke(DirectMethodHandleAccessor.java:103)
	at java.base/java.lang.reflect.Method.invoke(Method.java:580)
	at org.springframework.aop.support.AopUtils.invokeJoinpointUsingReflection(AopUtils.java:355)
	at org.springframework.aop.framework.JdkDynamicAopProxy.invoke(JdkDynamicAopProxy.java:216)
	at jdk.proxy2/jdk.proxy2.$Proxy188.authenticate(Unknown Source)
	at org.springframework.security.authentication.ProviderManager.authenticate(ProviderManager.java:201)
	at java.base/jdk.internal.reflect.DirectMethodHandleAccessor.invoke(DirectMethodHandleAccessor.java:103)
	at java.base/java.lang.reflect.Method.invoke(Method.java:580)
	at org.springframework.aop.support.AopUtils.invokeJoinpointUsingReflection(AopUtils.java:355)
	at org.springframework.aop.framework.JdkDynamicAopProxy.invoke(JdkDynamicAopProxy.java:216)
	at jdk.proxy2/jdk.proxy2.$Proxy188.authenticate(Unknown Source)
	at org.springframework.security.authentication.ProviderManager.authenticate(ProviderManager.java:201)
	at java.base/jdk.internal.reflect.DirectMethodHandleAccessor.invoke(DirectMethodHandleAccessor.java:103)
	at java.base/java.lang.reflect.Method.invoke(Method.java:580)
	at org.springframework.aop.support.AopUtils.invokeJoinpointUsingReflection(AopUtils.java:355)
	at org.springframework.aop.framework.JdkDynamicAopProxy.invoke(JdkDynamicAopProxy.java:216)
	at jdk.proxy2/jdk.proxy2.$Proxy188.authenticate(Unknown Source)
	at org.springframework.security.authentication.ProviderManager.authenticate(ProviderManager.java:201)
	at java.base/jdk.internal.reflect.DirectMethodHandleAccessor.invoke(DirectMethodHandleAccessor.java:103)
	at java.base/java.lang.reflect.Method.invoke(Method.java:580)
	at org.springframework.aop.support.AopUtils.invokeJoinpointUsingReflection(AopUtils.java:355)
	at org.springframework.aop.framework.JdkDynamicAopProxy.invoke(JdkDynamicAopProxy.java:216)
	at jdk.proxy2/jdk.proxy2.$Proxy188.authenticate(Unknown Source)
	at org.springframework.security.authentication.ProviderManager.authenticate(ProviderManager.java:201)
	at java.base/jdk.internal.reflect.DirectMethodHandleAccessor.invoke(DirectMethodHandleAccessor.java:103)
	at java.base/java.lang.reflect.Method.invoke(Method.java:580)
	at org.springframework.aop.support.AopUtils.invokeJoinpointUsingReflection(AopUtils.java:355)
	at org.springframework.aop.framework.JdkDynamicAopProxy.invoke(JdkDynamicAopProxy.java:216)
	at jdk.proxy2/jdk.proxy2.$Proxy188.authenticate(Unknown Source)
	at org.springframework.security.authentication.ProviderManager.authenticate(ProviderManager.java:201)
	at java.base/jdk.internal.reflect.DirectMethodHandleAccessor.invoke(DirectMethodHandleAccessor.java:103)
	at java.base/java.lang.reflect.Method.invoke(Method.java:580)
	at org.springframework.aop.support.AopUtils.invokeJoinpointUsingReflection(AopUtils.java:355)
	at org.springframework.aop.framework.JdkDynamicAopProxy.invoke(JdkDynamicAopProxy.java:216)
	at jdk.proxy2/jdk.proxy2.$Proxy188.authenticate(Unknown Source)
	at org.springframework.security.authentication.ProviderManager.authenticate(ProviderManager.java:201)
	at java.base/jdk.internal.reflect.DirectMethodHandleAccessor.invoke(DirectMethodHandleAccessor.java:103)
	at java.base/java.lang.reflect.Method.invoke(Method.java:580)
	at org.springframework.aop.support.AopUtils.invokeJoinpointUsingReflection(AopUtils.java:355)
	at org.springframework.aop.framework.JdkDynamicAopProxy.invoke(JdkDynamicAopProxy.java:216)
	at jdk.proxy2/jdk.proxy2.$Proxy188.authenticate(Unknown Source)
	at org.springframework.security.authentication.ProviderManager.authenticate(ProviderManager.java:201)
	at java.base/jdk.internal.reflect.DirectMethodHandleAccessor.invoke(DirectMethodHandleAccessor.java:103)
	at java.base/java.lang.reflect.Method.invoke(Method.java:580)
	at org.springframework.aop.support.AopUtils.invokeJoinpointUsingReflection(AopUtils.java:355)
	at org.springframework.aop.framework.JdkDynamicAopProxy.invoke(JdkDynamicAopProxy.java:216)
	at jdk.proxy2/jdk.proxy2.$Proxy188.authenticate(Unknown Source)
	at org.springframework.security.authentication.ProviderManager.authenticate(ProviderManager.java:201)
	at java.base/jdk.internal.reflect.DirectMethodHandleAccessor.invoke(DirectMethodHandleAccessor.java:103)
	at java.base/java.lang.reflect.Method.invoke(Method.java:580)
	at org.springframework.aop.support.AopUtils.invokeJoinpointUsingReflection(AopUtils.java:355)
	at org.springframework.aop.framework.JdkDynamicAopProxy.invoke(JdkDynamicAopProxy.java:216)
	at jdk.proxy2/jdk.proxy2.$Proxy188.authenticate(Unknown Source)
	at org.springframework.security.authentication.ProviderManager.authenticate(ProviderManager.java:201)
	at java.base/jdk.internal.reflect.DirectMethodHandleAccessor.invoke(DirectMethodHandleAccessor.java:103)
	at java.base/java.lang.reflect.Method.invoke(Method.java:580)
	at org.springframework.aop.support.AopUtils.invokeJoinpointUsingReflection(AopUtils.java:355)
	at org.springframework.aop.framework.JdkDynamicAopProxy.invoke(JdkDynamicAopProxy.java:216)
	at jdk.proxy2/jdk.proxy2.$Proxy188.authenticate(Unknown Source)
	at org.springframework.security.authentication.ProviderManager.authenticate(ProviderManager.java:201)
	at java.base/jdk.internal.reflect.DirectMethodHandleAccessor.invoke(DirectMethodHandleAccessor.java:103)
	at java.base/java.lang.reflect.Method.invoke(Method.java:580)
	at org.springframework.aop.support.AopUtils.invokeJoinpointUsingReflection(AopUtils.java:355)
	at org.springframework.aop.framework.JdkDynamicAopProxy.invoke(JdkDynamicAopProxy.java:216)
	at jdk.proxy2/jdk.proxy2.$Proxy188.authenticate(Unknown Source)
	at org.springframework.security.authentication.ProviderManager.authenticate(ProviderManager.java:201)
	at java.base/jdk.internal.reflect.DirectMethodHandleAccessor.invoke(DirectMethodHandleAccessor.java:103)
	at java.base/java.lang.reflect.Method.invoke(Method.java:580)
	at org.springframework.aop.support.AopUtils.invokeJoinpointUsingReflection(AopUtils.java:355)
	at org.springframework.aop.framework.JdkDynamicAopProxy.invoke(JdkDynamicAopProxy.java:216)
	at jdk.proxy2/jdk.proxy2.$Proxy188.authenticate(Unknown Source)
	at org.springframework.security.authentication.ProviderManager.authenticate(ProviderManager.java:201)
	at java.base/jdk.internal.reflect.DirectMethodHandleAccessor.invoke(DirectMethodHandleAccessor.java:103)
	at java.base/java.lang.reflect.Method.invoke(Method.java:580)
	at org.springframework.aop.support.AopUtils.invokeJoinpointUsingReflection(AopUtils.java:355)
	at org.springframework.aop.framework.JdkDynamicAopProxy.invoke(JdkDynamicAopProxy.java:216)
	at jdk.proxy2/jdk.proxy2.$Proxy188.authenticate(Unknown Source)
	at org.springframework.security.authentication.ProviderManager.authenticate(ProviderManager.java:201)
	at java.base/jdk.internal.reflect.DirectMethodHandleAccessor.invoke(DirectMethodHandleAccessor.java:103)
	at java.base/java.lang.reflect.Method.invoke(Method.java:580)
	at org.springframework.aop.support.AopUtils.invokeJoinpointUsingReflection(AopUtils.java:355)
	at org.springframework.aop.framework.JdkDynamicAopProxy.invoke(JdkDynamicAopProxy.java:216)
	at jdk.proxy2/jdk.proxy2.$Proxy188.authenticate(Unknown Source)
	at org.springframework.security.authentication.ProviderManager.authenticate(ProviderManager.java:201)
	at java.base/jdk.internal.reflect.DirectMethodHandleAccessor.invoke(DirectMethodHandleAccessor.java:103)
	at java.base/java.lang.reflect.Method.invoke(Method.java:580)
	at org.springframework.aop.support.AopUtils.invokeJoinpointUsingReflection(AopUtils.java:355)
	at org.springframework.aop.framework.JdkDynamicAopProxy.invoke(JdkDynamicAopProxy.java:216)
	at jdk.proxy2/jdk.proxy2.$Proxy188.authenticate(Unknown Source)
	at org.springframework.security.authentication.ProviderManager.authenticate(ProviderManager.java:201)
	at java.base/jdk.internal.reflect.DirectMethodHandleAccessor.invoke(DirectMethodHandleAccessor.java:103)
	at java.base/java.lang.reflect.Method.invoke(Method.java:580)
	at org.springframework.aop.support.AopUtils.invokeJoinpointUsingReflection(AopUtils.java:355)
	at org.springframework.aop.framework.JdkDynamicAopProxy.invoke(JdkDynamicAopProxy.java:216)
	at jdk.proxy2/jdk.proxy2.$Proxy188.authenticate(Unknown Source)
	at org.springframework.security.authentication.ProviderManager.authenticate(ProviderManager.java:201)
	at java.base/jdk.internal.reflect.DirectMethodHandleAccessor.invoke(DirectMethodHandleAccessor.java:103)
	at java.base/java.lang.reflect.Method.invoke(Method.java:580)
	at org.springframework.aop.support.AopUtils.invokeJoinpointUsingReflection(AopUtils.java:355)
	at org.springframework.aop.framework.JdkDynamicAopProxy.invoke(JdkDynamicAopProxy.java:216)
	at jdk.proxy2/jdk.proxy2.$Proxy188.authenticate(Unknown Source)
	at org.springframework.security.authentication.ProviderManager.authenticate(ProviderManager.java:201)
	at java.base/jdk.internal.reflect.DirectMethodHandleAccessor.invoke(DirectMethodHandleAccessor.java:103)
	at java.base/java.lang.reflect.Method.invoke(Method.java:580)
	at org.springframework.aop.support.AopUtils.invokeJoinpointUsingReflection(AopUtils.java:355)
	at org.springframework.aop.framework.JdkDynamicAopProxy.invoke(JdkDynamicAopProxy.java:216)
	at jdk.proxy2/jdk.proxy2.$Proxy188.authenticate(Unknown Source)
	at org.springframework.security.authentication.ProviderManager.authenticate(ProviderManager.java:201)
	at java.base/jdk.internal.reflect.DirectMethodHandleAccessor.invoke(DirectMethodHandleAccessor.java:103)
	at java.base/java.lang.reflect.Method.invoke(Method.java:580)
	at org.springframework.aop.support.AopUtils.invokeJoinpointUsingReflection(AopUtils.java:355)
	at org.springframework.aop.framework.JdkDynamicAopProxy.invoke(JdkDynamicAopProxy.java:216)
	at jdk.proxy2/jdk.proxy2.$Proxy188.authenticate(Unknown Source)
	at org.springframework.security.authentication.ProviderManager.authenticate(ProviderManager.java:201)
	at java.base/jdk.internal.reflect.DirectMethodHandleAccessor.invoke(DirectMethodHandleAccessor.java:103)
	at java.base/java.lang.reflect.Method.invoke(Method.java:580)
	at org.springframework.aop.support.AopUtils.invokeJoinpointUsingReflection(AopUtils.java:355)
	at org.springframework.aop.framework.JdkDynamicAopProxy.invoke(JdkDynamicAopProxy.java:216)
	at jdk.proxy2/jdk.proxy2.$Proxy188.authenticate(Unknown Source)
	at org.springframework.security.authentication.ProviderManager.authenticate(ProviderManager.java:201)
	at java.base/jdk.internal.reflect.DirectMethodHandleAccessor.invoke(DirectMethodHandleAccessor.java:103)
	at java.base/java.lang.reflect.Method.invoke(Method.java:580)
	at org.springframework.aop.support.AopUtils.invokeJoinpointUsingReflection(AopUtils.java:355)
	at org.springframework.aop.framework.JdkDynamicAopProxy.invoke(JdkDynamicAopProxy.java:216)
	at jdk.proxy2/jdk.proxy2.$Proxy188.authenticate(Unknown Source)
	at org.springframework.security.authentication.ProviderManager.authenticate(ProviderManager.java:201)
	at java.base/jdk.internal.reflect.DirectMethodHandleAccessor.invoke(DirectMethodHandleAccessor.java:103)
	at java.base/java.lang.reflect.Method.invoke(Method.java:580)
	at org.springframework.aop.support.AopUtils.invokeJoinpointUsingReflection(AopUtils.java:355)
	at org.springframework.aop.framework.JdkDynamicAopProxy.invoke(JdkDynamicAopProxy.java:216)
	at jdk.proxy2/jdk.proxy2.$Proxy188.authenticate(Unknown Source)
	at org.springframework.security.authentication.ProviderManager.authenticate(ProviderManager.java:201)
	at java.base/jdk.internal.reflect.DirectMethodHandleAccessor.invoke(DirectMethodHandleAccessor.java:103)
	at java.base/java.lang.reflect.Method.invoke(Method.java:580)
	at org.springframework.aop.support.AopUtils.invokeJoinpointUsingReflection(AopUtils.java:355)
	at org.springframework.aop.framework.JdkDynamicAopProxy.invoke(JdkDynamicAopProxy.java:216)
	at jdk.proxy2/jdk.proxy2.$Proxy188.authenticate(Unknown Source)
	at org.springframework.security.authentication.ProviderManager.authenticate(ProviderManager.java:201)
	at java.base/jdk.internal.reflect.DirectMethodHandleAccessor.invoke(DirectMethodHandleAccessor.java:103)
	at java.base/java.lang.reflect.Method.invoke(Method.java:580)
	at org.springframework.aop.support.AopUtils.invokeJoinpointUsingReflection(AopUtils.java:355)
	at org.springframework.aop.framework.JdkDynamicAopProxy.invoke(JdkDynamicAopProxy.java:216)
	at jdk.proxy2/jdk.proxy2.$Proxy188.authenticate(Unknown Source)
	at org.springframework.security.authentication.ProviderManager.authenticate(ProviderManager.java:201)
	at java.base/jdk.internal.reflect.DirectMethodHandleAccessor.invoke(DirectMethodHandleAccessor.java:103)
2024-12-09 22:05:50 - [HikariPoolName housekeeper] DEBUG com.zaxxer.hikari.pool.HikariPool - HikariPoolName - Pool stats (total=3, active=0, idle=3, waiting=0)
2024-12-09 22:05:50 - [HikariPoolName housekeeper] DEBUG com.zaxxer.hikari.pool.HikariPool - HikariPoolName - Fill pool skipped, pool has sufficient level or currently being filled.
2024-12-09 22:06:20 - [HikariPoolName housekeeper] DEBUG com.zaxxer.hikari.pool.HikariPool - HikariPoolName - Pool stats (total=3, active=0, idle=3, waiting=0)
2024-12-09 22:06:20 - [HikariPoolName housekeeper] DEBUG com.zaxxer.hikari.pool.HikariPool - HikariPoolName - Fill pool skipped, pool has sufficient level or currently being filled.
2024-12-09 22:06:32 - [http-nio-8080-exec-5] INFO  c.e.demo.controller.CorsController - /fetchCorsUser endpoint started
2024-12-09 22:06:32 - [http-nio-8080-exec-5] INFO  c.e.demo.controller.CorsController - RESPONSE ->[{id=1, name=Leanne Graham, username=Bret, email=Sincere@april.biz, address={street=Kulas Light, suite=Apt. 556, city=Gwenborough, zipcode=92998-3874, geo={lat=-37.3159, lng=81.1496}}, phone=1-770-736-8031 x56442, website=hildegard.org, company={name=Romaguera-Crona, catchPhrase=Multi-layered client-server neural-net, bs=harness real-time e-markets}}, {id=2, name=Ervin Howell, username=Antonette, email=Shanna@melissa.tv, address={street=Victor Plains, suite=Suite 879, city=Wisokyburgh, zipcode=90566-7771, geo={lat=-43.9509, lng=-34.4618}}, phone=010-692-6593 x09125, website=anastasia.net, company={name=Deckow-Crist, catchPhrase=Proactive didactic contingency, bs=synergize scalable supply-chains}}, {id=3, name=Clementine Bauch, username=Samantha, email=Nathan@yesenia.net, address={street=Douglas Extension, suite=Suite 847, city=McKenziehaven, zipcode=59590-4157, geo={lat=-68.6102, lng=-47.0653}}, phone=1-463-123-4447, website=ramiro.info, company={name=Romaguera-Jacobson, catchPhrase=Face to face bifurcated interface, bs=e-enable strategic applications}}, {id=4, name=Patricia Lebsack, username=Karianne, email=Julianne.OConner@kory.org, address={street=Hoeger Mall, suite=Apt. 692, city=South Elvis, zipcode=53919-4257, geo={lat=29.4572, lng=-164.2990}}, phone=493-170-9623 x156, website=kale.biz, company={name=Robel-Corkery, catchPhrase=Multi-tiered zero tolerance productivity, bs=transition cutting-edge web services}}, {id=5, name=Chelsey Dietrich, username=Kamren, email=Lucio_Hettinger@annie.ca, address={street=Skiles Walks, suite=Suite 351, city=Roscoeview, zipcode=33263, geo={lat=-31.8129, lng=62.5342}}, phone=(254)954-1289, website=demarco.info, company={name=Keebler LLC, catchPhrase=User-centric fault-tolerant solution, bs=revolutionize end-to-end systems}}, {id=6, name=Mrs. Dennis Schulist, username=Leopoldo_Corkery, email=Karley_Dach@jasper.info, address={street=Norberto Crossing, suite=Apt. 950, city=South Christy, zipcode=23505-1337, geo={lat=-71.4197, lng=71.7478}}, phone=1-477-935-8478 x6430, website=ola.org, company={name=Considine-Lockman, catchPhrase=Synchronised bottom-line interface, bs=e-enable innovative applications}}, {id=7, name=Kurtis Weissnat, username=Elwyn.Skiles, email=Telly.Hoeger@billy.biz, address={street=Rex Trail, suite=Suite 280, city=Howemouth, zipcode=58804-1099, geo={lat=24.8918, lng=21.8984}}, phone=210.067.6132, website=elvis.io, company={name=Johns Group, catchPhrase=Configurable multimedia task-force, bs=generate enterprise e-tailers}}, {id=8, name=Nicholas Runolfsdottir V, username=Maxime_Nienow, email=Sherwood@rosamond.me, address={street=Ellsworth Summit, suite=Suite 729, city=Aliyaview, zipcode=45169, geo={lat=-14.3990, lng=-120.7677}}, phone=586.493.6943 x140, website=jacynthe.com, company={name=Abernathy Group, catchPhrase=Implemented secondary concept, bs=e-enable extensible e-tailers}}, {id=9, name=Glenna Reichert, username=Delphine, email=Chaim_McDermott@dana.io, address={street=Dayna Park, suite=Suite 449, city=Bartholomebury, zipcode=76495-3109, geo={lat=24.6463, lng=-168.8889}}, phone=(775)976-6794 x41206, website=conrad.com, company={name=Yost and Sons, catchPhrase=Switchable contextually-based project, bs=aggregate real-time technologies}}, {id=10, name=Clementina DuBuque, username=Moriah.Stanton, email=Rey.Padberg@karina.biz, address={street=Kattie Turnpike, suite=Suite 198, city=Lebsackbury, zipcode=31428-2261, geo={lat=-38.2386, lng=57.2232}}, phone=024-648-3804, website=ambrose.net, company={name=Hoeger LLC, catchPhrase=Centralized empowering task-force, bs=target end-to-end models}}]
2024-12-09 22:06:50 - [HikariPoolName housekeeper] DEBUG com.zaxxer.hikari.pool.HikariPool - HikariPoolName - Pool stats (total=3, active=0, idle=3, waiting=0)
2024-12-09 22:06:50 - [HikariPoolName housekeeper] DEBUG com.zaxxer.hikari.pool.HikariPool - HikariPoolName - Fill pool skipped, pool has sufficient level or currently being filled.
2024-12-09 22:07:20 - [HikariPoolName housekeeper] DEBUG com.zaxxer.hikari.pool.HikariPool - HikariPoolName - Pool stats (total=3, active=0, idle=3, waiting=0)
2024-12-09 22:07:20 - [HikariPoolName housekeeper] DEBUG com.zaxxer.hikari.pool.HikariPool - HikariPoolName - Fill pool skipped, pool has sufficient level or currently being filled.
2024-12-09 22:07:50 - [HikariPoolName housekeeper] DEBUG com.zaxxer.hikari.pool.HikariPool - HikariPoolName - Pool stats (total=3, active=0, idle=3, waiting=0)
2024-12-09 22:07:50 - [HikariPoolName housekeeper] DEBUG com.zaxxer.hikari.pool.HikariPool - HikariPoolName - Fill pool skipped, pool has sufficient level or currently being filled.
2024-12-09 22:08:20 - [HikariPoolName housekeeper] DEBUG com.zaxxer.hikari.pool.HikariPool - HikariPoolName - Pool stats (total=3, active=0, idle=3, waiting=0)
2024-12-09 22:08:20 - [HikariPoolName housekeeper] DEBUG com.zaxxer.hikari.pool.HikariPool - HikariPoolName - Fill pool skipped, pool has sufficient level or currently being filled.
2024-12-09 22:08:50 - [HikariPoolName housekeeper] DEBUG com.zaxxer.hikari.pool.HikariPool - HikariPoolName - Pool stats (total=3, active=0, idle=3, waiting=0)
2024-12-09 22:08:50 - [HikariPoolName housekeeper] DEBUG com.zaxxer.hikari.pool.HikariPool - HikariPoolName - Fill pool skipped, pool has sufficient level or currently being filled.
2024-12-09 22:09:20 - [HikariPoolName housekeeper] DEBUG com.zaxxer.hikari.pool.HikariPool - HikariPoolName - Pool stats (total=3, active=0, idle=3, waiting=0)
2024-12-09 22:09:20 - [HikariPoolName housekeeper] DEBUG com.zaxxer.hikari.pool.HikariPool - HikariPoolName - Fill pool skipped, pool has sufficient level or currently being filled.
2024-12-09 22:09:50 - [HikariPoolName housekeeper] DEBUG com.zaxxer.hikari.pool.HikariPool - HikariPoolName - Pool stats (total=3, active=0, idle=3, waiting=0)
2024-12-09 22:09:50 - [HikariPoolName housekeeper] DEBUG com.zaxxer.hikari.pool.HikariPool - HikariPoolName - Fill pool skipped, pool has sufficient level or currently being filled.
2024-12-09 22:10:20 - [HikariPoolName housekeeper] DEBUG com.zaxxer.hikari.pool.HikariPool - HikariPoolName - Pool stats (total=3, active=0, idle=3, waiting=0)
2024-12-09 22:10:20 - [HikariPoolName housekeeper] DEBUG com.zaxxer.hikari.pool.HikariPool - HikariPoolName - Fill pool skipped, pool has sufficient level or currently being filled.
2024-12-09 22:10:50 - [HikariPoolName housekeeper] DEBUG com.zaxxer.hikari.pool.HikariPool - HikariPoolName - Pool stats (total=3, active=0, idle=3, waiting=0)
2024-12-09 22:10:50 - [HikariPoolName housekeeper] DEBUG com.zaxxer.hikari.pool.HikariPool - HikariPoolName - Fill pool skipped, pool has sufficient level or currently being filled.
2024-12-09 22:11:20 - [HikariPoolName housekeeper] DEBUG com.zaxxer.hikari.pool.HikariPool - HikariPoolName - Pool stats (total=3, active=0, idle=3, waiting=0)
2024-12-09 22:11:20 - [HikariPoolName housekeeper] DEBUG com.zaxxer.hikari.pool.HikariPool - HikariPoolName - Fill pool skipped, pool has sufficient level or currently being filled.
2024-12-09 22:11:25 - [RMI TCP Connection(10)-127.0.0.1] INFO  o.s.b.a.SpringApplicationAdminMXBeanRegistrar$SpringApplicationAdmin - Application shutdown requested.
2024-12-09 22:11:25 - [RMI TCP Connection(10)-127.0.0.1] INFO  o.a.catalina.core.StandardService - Stopping service [Tomcat]
2024-12-09 22:11:25 - [RMI TCP Connection(10)-127.0.0.1] INFO  o.s.o.j.LocalContainerEntityManagerFactoryBean - Closing JPA EntityManagerFactory for persistence unit 'default'
2024-12-09 22:11:25 - [RMI TCP Connection(10)-127.0.0.1] INFO  com.zaxxer.hikari.HikariDataSource - HikariPoolName - Shutdown initiated...
2024-12-09 22:11:25 - [RMI TCP Connection(10)-127.0.0.1] DEBUG com.zaxxer.hikari.pool.HikariPool - HikariPoolName - Before shutdown stats (total=3, active=0, idle=3, waiting=0)
2024-12-09 22:11:25 - [HikariPoolName connection closer] DEBUG com.zaxxer.hikari.pool.PoolBase - HikariPoolName - Closing connection com.mysql.cj.jdbc.ConnectionImpl@2d117280: (connection evicted)
2024-12-09 22:11:25 - [HikariPoolName connection closer] DEBUG com.zaxxer.hikari.pool.PoolBase - HikariPoolName - Closing connection com.mysql.cj.jdbc.ConnectionImpl@3f3e4ebd: (connection evicted)
2024-12-09 22:11:25 - [HikariPoolName connection closer] DEBUG com.zaxxer.hikari.pool.PoolBase - HikariPoolName - Closing connection com.mysql.cj.jdbc.ConnectionImpl@7e034486: (connection evicted)
2024-12-09 22:11:25 - [RMI TCP Connection(10)-127.0.0.1] DEBUG com.zaxxer.hikari.pool.HikariPool - HikariPoolName - After shutdown stats (total=0, active=0, idle=0, waiting=0)
2024-12-09 22:11:25 - [RMI TCP Connection(10)-127.0.0.1] INFO  com.zaxxer.hikari.HikariDataSource - HikariPoolName - Shutdown completed.
2024-12-09 22:11:25 - [RMI TCP Connection(10)-127.0.0.1] INFO  org.ehcache.core.EhcacheManager - Cache 'itemCache' removed from EhcacheManager.
